-- --------------------------------------------------------
-- Host:                         127.0.0.1
-- Versión del servidor:         10.4.32-MariaDB - mariadb.org binary distribution
-- SO del servidor:              Win64
-- HeidiSQL Versión:             12.8.0.6908
-- --------------------------------------------------------

/*!40101 SET @OLD_CHARACTER_SET_CLIENT=@@CHARACTER_SET_CLIENT */;
/*!40101 SET NAMES utf8 */;
/*!50503 SET NAMES utf8mb4 */;
/*!40103 SET @OLD_TIME_ZONE=@@TIME_ZONE */;
/*!40103 SET TIME_ZONE='+00:00' */;
/*!40014 SET @OLD_FOREIGN_KEY_CHECKS=@@FOREIGN_KEY_CHECKS, FOREIGN_KEY_CHECKS=0 */;
/*!40101 SET @OLD_SQL_MODE=@@SQL_MODE, SQL_MODE='NO_AUTO_VALUE_ON_ZERO' */;
/*!40111 SET @OLD_SQL_NOTES=@@SQL_NOTES, SQL_NOTES=0 */;

-- Volcando estructura para tabla laravel.anexo
CREATE TABLE IF NOT EXISTS `anexo` (
  `id` int(11) NOT NULL AUTO_INCREMENT,
  `anexo` varchar(50) DEFAULT NULL,
  `identificador` varchar(50) DEFAULT NULL,
  `num_inventario` varchar(100) DEFAULT NULL,
  `marca_id` int(11) DEFAULT NULL,
  `modelo_id` int(11) DEFAULT NULL,
  `serie` varchar(100) NOT NULL,
  `mac` varchar(100) DEFAULT NULL,
  `categoria_id` int(11) DEFAULT NULL,
  `sala_id` int(11) DEFAULT NULL,
  `funcionario_id` int(11) DEFAULT NULL,
  `estado_id` int(11) DEFAULT NULL,
  `observaciones` text DEFAULT NULL,
  `user_crea_id` bigint(20) unsigned DEFAULT NULL,
  `fecha_crea` datetime DEFAULT NULL,
  `user_mod_id` bigint(20) unsigned DEFAULT NULL,
  `fecha_mod` datetime DEFAULT NULL,
  PRIMARY KEY (`id`),
  KEY `categoria_id` (`categoria_id`),
  KEY `sala_id` (`sala_id`),
  KEY `funcionario_id` (`funcionario_id`),
  KEY `estado_id` (`estado_id`),
  KEY `marca_id` (`marca_id`),
  KEY `modelo_id` (`modelo_id`),
  KEY `user_crea_id` (`user_crea_id`),
  KEY `user_mod_id` (`user_mod_id`),
  CONSTRAINT `FK_anexo_users` FOREIGN KEY (`user_crea_id`) REFERENCES `users` (`id`) ON DELETE NO ACTION ON UPDATE NO ACTION,
  CONSTRAINT `FK_anexo_users_2` FOREIGN KEY (`user_mod_id`) REFERENCES `users` (`id`) ON DELETE NO ACTION ON UPDATE NO ACTION,
  CONSTRAINT `anexo_ibfk_1` FOREIGN KEY (`categoria_id`) REFERENCES `categoria_anexo` (`id`),
  CONSTRAINT `anexo_ibfk_2` FOREIGN KEY (`sala_id`) REFERENCES `sala` (`id`),
  CONSTRAINT `anexo_ibfk_3` FOREIGN KEY (`funcionario_id`) REFERENCES `funcionario` (`id`),
  CONSTRAINT `anexo_ibfk_4` FOREIGN KEY (`estado_id`) REFERENCES `estado_dispositivo` (`id`),
  CONSTRAINT `anexo_ibfk_5` FOREIGN KEY (`marca_id`) REFERENCES `marca_dispositivo` (`id`),
  CONSTRAINT `anexo_ibfk_6` FOREIGN KEY (`modelo_id`) REFERENCES `modelo_dispositivo` (`id`)
) ENGINE=InnoDB AUTO_INCREMENT=8 DEFAULT CHARSET=utf8mb4 COLLATE=utf8mb4_general_ci;

-- Volcando datos para la tabla laravel.anexo: ~2 rows (aproximadamente)
INSERT INTO `anexo` (`id`, `anexo`, `identificador`, `num_inventario`, `marca_id`, `modelo_id`, `serie`, `mac`, `categoria_id`, `sala_id`, `funcionario_id`, `estado_id`, `observaciones`, `user_crea_id`, `fecha_crea`, `user_mod_id`, `fecha_mod`) VALUES
	(4, '450382', 'Soporte TI CAPLC', '200717-008238', 6, 31, 'FCH2421DHZV', '4CA64D134270', 2, 2, NULL, 1, 'Sergio', NULL, NULL, NULL, NULL),
	(7, '123456', NULL, NULL, NULL, NULL, 'zczxcxzcx', NULL, NULL, NULL, NULL, NULL, 'weqrwer', 1, '2025-05-02 11:39:06', 1, '2025-05-02 12:03:18');

-- Volcando estructura para tabla laravel.app
CREATE TABLE IF NOT EXISTS `app` (
  `id` int(11) NOT NULL AUTO_INCREMENT,
  `nombre` varchar(100) NOT NULL,
  `so_id` int(11) NOT NULL,
  `categoria_id` int(11) NOT NULL,
  PRIMARY KEY (`id`),
  KEY `so_id` (`so_id`),
  KEY `categoria_id` (`categoria_id`),
  CONSTRAINT `app_ibfk_1` FOREIGN KEY (`so_id`) REFERENCES `so_app` (`id`),
  CONSTRAINT `app_ibfk_2` FOREIGN KEY (`categoria_id`) REFERENCES `categoria_app` (`id`)
) ENGINE=InnoDB AUTO_INCREMENT=23 DEFAULT CHARSET=utf8mb4 COLLATE=utf8mb4_general_ci;

-- Volcando datos para la tabla laravel.app: ~21 rows (aproximadamente)
INSERT INTO `app` (`id`, `nombre`, `so_id`, `categoria_id`) VALUES
	(1, 'Windows 10', 1, 1),
	(2, 'Windows 11', 1, 1),
	(3, 'Windows 8.1', 1, 1),
	(4, 'Windows 7', 1, 1),
	(5, 'MacOs', 2, 1),
	(6, 'Android', 3, 1),
	(8, 'Office H&B 2019', 1, 3),
	(9, 'Office H&B 2016', 1, 3),
	(10, 'Office H&B 2021', 1, 3),
	(11, 'Office PRO 2016', 1, 3),
	(12, 'Office 365 empresa', 1, 3),
	(13, 'Office LTSC STANDARD 2021', 1, 3),
	(14, 'Windows Defender', 1, 2),
	(15, 'Bitdefender', 1, 2),
	(16, 'Bizagi Modeler', 1, 4),
	(17, 'Adobe Photoshop', 1, 4),
	(18, 'Autocad', 1, 4),
	(19, 'Access', 1, 4),
	(20, 'Rni', 1, 4),
	(21, 'Visio', 1, 4),
	(22, 'SIRH', 1, 4);

-- Volcando estructura para tabla laravel.cache
CREATE TABLE IF NOT EXISTS `cache` (
  `key` varchar(255) NOT NULL,
  `value` mediumtext NOT NULL,
  `expiration` int(11) NOT NULL,
  PRIMARY KEY (`key`)
) ENGINE=InnoDB DEFAULT CHARSET=utf8mb4 COLLATE=utf8mb4_unicode_ci;

-- Volcando datos para la tabla laravel.cache: ~0 rows (aproximadamente)

-- Volcando estructura para tabla laravel.cache_locks
CREATE TABLE IF NOT EXISTS `cache_locks` (
  `key` varchar(255) NOT NULL,
  `owner` varchar(255) NOT NULL,
  `expiration` int(11) NOT NULL,
  PRIMARY KEY (`key`)
) ENGINE=InnoDB DEFAULT CHARSET=utf8mb4 COLLATE=utf8mb4_unicode_ci;

-- Volcando datos para la tabla laravel.cache_locks: ~0 rows (aproximadamente)

-- Volcando estructura para tabla laravel.candado
CREATE TABLE IF NOT EXISTS `candado` (
  `id` int(11) NOT NULL AUTO_INCREMENT,
  `nombre` varchar(100) NOT NULL,
  PRIMARY KEY (`id`)
) ENGINE=InnoDB AUTO_INCREMENT=3 DEFAULT CHARSET=utf8mb4 COLLATE=utf8mb4_general_ci;

-- Volcando datos para la tabla laravel.candado: ~2 rows (aproximadamente)
INSERT INTO `candado` (`id`, `nombre`) VALUES
	(1, 'Con candado'),
	(2, 'Sin candado');

-- Volcando estructura para tabla laravel.categoria_anexo
CREATE TABLE IF NOT EXISTS `categoria_anexo` (
  `id` int(11) NOT NULL AUTO_INCREMENT,
  `nombre` varchar(50) NOT NULL,
  PRIMARY KEY (`id`)
) ENGINE=InnoDB AUTO_INCREMENT=3 DEFAULT CHARSET=utf8mb4 COLLATE=utf8mb4_general_ci;

-- Volcando datos para la tabla laravel.categoria_anexo: ~2 rows (aproximadamente)
INSERT INTO `categoria_anexo` (`id`, `nombre`) VALUES
	(1, 'Cat2'),
	(2, 'Cat4 (salida celular)');

-- Volcando estructura para tabla laravel.categoria_app
CREATE TABLE IF NOT EXISTS `categoria_app` (
  `id` int(11) NOT NULL AUTO_INCREMENT,
  `nombre` varchar(100) NOT NULL,
  PRIMARY KEY (`id`)
) ENGINE=InnoDB AUTO_INCREMENT=7 DEFAULT CHARSET=utf8mb4 COLLATE=utf8mb4_general_ci;

-- Volcando datos para la tabla laravel.categoria_app: ~6 rows (aproximadamente)
INSERT INTO `categoria_app` (`id`, `nombre`) VALUES
	(1, 'Sistema operativo'),
	(2, 'Antivirus'),
	(3, 'Office'),
	(4, 'Aplicacion escritorio'),
	(5, 'Aplicacion web'),
	(6, 'Aplicacion celular');

-- Volcando estructura para tabla laravel.conexion_impresora
CREATE TABLE IF NOT EXISTS `conexion_impresora` (
  `id` int(11) NOT NULL AUTO_INCREMENT,
  `nombre` varchar(100) NOT NULL,
  PRIMARY KEY (`id`)
) ENGINE=InnoDB AUTO_INCREMENT=4 DEFAULT CHARSET=utf8mb4 COLLATE=utf8mb4_general_ci;

-- Volcando datos para la tabla laravel.conexion_impresora: ~3 rows (aproximadamente)
INSERT INTO `conexion_impresora` (`id`, `nombre`) VALUES
	(1, 'USB'),
	(2, 'Ethernet'),
	(3, 'Wifi');

-- Volcando estructura para tabla laravel.corriente
CREATE TABLE IF NOT EXISTS `corriente` (
  `id` int(11) NOT NULL AUTO_INCREMENT,
  `nombre` varchar(100) NOT NULL,
  PRIMARY KEY (`id`)
) ENGINE=InnoDB AUTO_INCREMENT=3 DEFAULT CHARSET=utf8mb4 COLLATE=utf8mb4_general_ci;

-- Volcando datos para la tabla laravel.corriente: ~2 rows (aproximadamente)
INSERT INTO `corriente` (`id`, `nombre`) VALUES
	(1, 'respaldo (magic)'),
	(2, 'normal');

-- Volcando estructura para tabla laravel.cpu_pc
CREATE TABLE IF NOT EXISTS `cpu_pc` (
  `id` int(11) NOT NULL AUTO_INCREMENT,
  `nombre` varchar(100) NOT NULL,
  PRIMARY KEY (`id`)
) ENGINE=InnoDB AUTO_INCREMENT=19 DEFAULT CHARSET=utf8mb4 COLLATE=utf8mb4_general_ci;

-- Volcando datos para la tabla laravel.cpu_pc: ~18 rows (aproximadamente)
INSERT INTO `cpu_pc` (`id`, `nombre`) VALUES
	(1, 'AMD A4-9125'),
	(2, 'AMD A8 Pro'),
	(3, 'intel celeron j4005'),
	(4, 'intel core i3-9100t'),
	(5, 'Intel Core I5 10400'),
	(6, 'Intel Core I5 8400'),
	(7, 'Intel Core I5-6400T'),
	(8, 'Intel Core I5-6500'),
	(9, 'Intel Core I7-6700'),
	(10, 'Intel Core I5-7400'),
	(11, 'Intel Core I7-7600'),
	(12, 'Intel Core I5-7700'),
	(13, 'intel core i5-8400'),
	(14, 'Intel Core I5-9400'),
	(15, 'Intel Core I5-9500'),
	(16, 'Intel Core i7 7600U'),
	(17, 'Intel Core i7 8550U'),
	(18, 'Intel Core I7-7700');

-- Volcando estructura para tabla laravel.disco_pc
CREATE TABLE IF NOT EXISTS `disco_pc` (
  `id` int(11) NOT NULL AUTO_INCREMENT,
  `nombre` varchar(100) NOT NULL,
  `tipo_disco_id` int(11) NOT NULL,
  PRIMARY KEY (`id`),
  KEY `tipo_disco_id` (`tipo_disco_id`),
  CONSTRAINT `disco_pc_ibfk_1` FOREIGN KEY (`tipo_disco_id`) REFERENCES `tipo_disco_pc` (`id`)
) ENGINE=InnoDB AUTO_INCREMENT=29 DEFAULT CHARSET=utf8mb4 COLLATE=utf8mb4_general_ci;

-- Volcando datos para la tabla laravel.disco_pc: ~27 rows (aproximadamente)
INSERT INTO `disco_pc` (`id`, `nombre`, `tipo_disco_id`) VALUES
	(1, '240GB', 1),
	(2, '250GB', 1),
	(3, '256GB', 1),
	(4, '480GB', 1),
	(5, '500GB', 1),
	(6, '512GB', 1),
	(7, '960GB', 1),
	(8, '1TB', 1),
	(9, '120GB', 2),
	(10, '128GB', 2),
	(11, '240GB', 2),
	(12, '250GB', 2),
	(13, '256GB', 2),
	(14, '480GB', 2),
	(15, '500GB', 2),
	(16, '512GB', 2),
	(17, '960GB', 2),
	(18, '1TB', 2),
	(19, '120GB', 3),
	(20, '128GB', 3),
	(21, '250GB', 3),
	(22, '256GB', 3),
	(23, '480GB', 3),
	(24, '500GB', 3),
	(25, '512GB', 3),
	(26, '960GB', 3),
	(27, '1TB', 3);

-- Volcando estructura para tabla laravel.edificio
CREATE TABLE IF NOT EXISTS `edificio` (
  `id` int(11) NOT NULL AUTO_INCREMENT,
  `nombre` varchar(100) NOT NULL,
  `establecimiento_id` int(11) NOT NULL,
  PRIMARY KEY (`id`),
  KEY `establecimiento_id` (`establecimiento_id`),
  CONSTRAINT `edificio_ibfk_1` FOREIGN KEY (`establecimiento_id`) REFERENCES `establecimiento` (`id`)
) ENGINE=InnoDB AUTO_INCREMENT=18 DEFAULT CHARSET=utf8mb4 COLLATE=utf8mb4_general_ci;

-- Volcando datos para la tabla laravel.edificio: ~13 rows (aproximadamente)
INSERT INTO `edificio` (`id`, `nombre`, `establecimiento_id`) VALUES
	(1, 'A', 1),
	(2, 'B', 1),
	(3, 'C', 1),
	(4, 'D', 1),
	(5, 'E', 1),
	(6, 'F', 1),
	(7, 'G', 1),
	(8, 'H', 1),
	(9, 'M-L', 1),
	(10, 'J', 1),
	(11, 'K', 1),
	(12, 'N', 1),
	(13, 'Ñ', 1);

-- Volcando estructura para tabla laravel.edificio_piso
CREATE TABLE IF NOT EXISTS `edificio_piso` (
  `id` int(11) NOT NULL AUTO_INCREMENT,
  `edificio_id` int(11) NOT NULL,
  `piso_id` int(11) NOT NULL,
  PRIMARY KEY (`id`),
  KEY `edificio_id` (`edificio_id`),
  KEY `piso_id` (`piso_id`),
  CONSTRAINT `edificio_piso_ibfk_1` FOREIGN KEY (`edificio_id`) REFERENCES `edificio` (`id`),
  CONSTRAINT `edificio_piso_ibfk_2` FOREIGN KEY (`piso_id`) REFERENCES `piso` (`id`)
) ENGINE=InnoDB AUTO_INCREMENT=41 DEFAULT CHARSET=utf8mb4 COLLATE=utf8mb4_general_ci;

-- Volcando datos para la tabla laravel.edificio_piso: ~36 rows (aproximadamente)
INSERT INTO `edificio_piso` (`id`, `edificio_id`, `piso_id`) VALUES
	(1, 1, 1),
	(2, 1, 2),
	(3, 1, 3),
	(4, 1, 4),
	(5, 1, 5),
	(6, 1, 6),
	(7, 1, 7),
	(8, 2, 1),
	(9, 2, 2),
	(10, 2, 3),
	(11, 2, 4),
	(12, 2, 5),
	(13, 2, 6),
	(14, 2, 7),
	(15, 3, 1),
	(16, 3, 2),
	(17, 3, 3),
	(18, 4, 1),
	(19, 4, 3),
	(20, 4, 4),
	(21, 5, 1),
	(22, 5, 3),
	(23, 5, 4),
	(24, 6, 1),
	(25, 6, 3),
	(26, 6, 4),
	(27, 7, 1),
	(28, 7, 2),
	(29, 7, 3),
	(30, 8, 3),
	(31, 8, 4),
	(32, 9, 1),
	(33, 10, 3),
	(34, 11, 3),
	(35, 12, 3),
	(36, 13, 3);

-- Volcando estructura para tabla laravel.establecimiento
CREATE TABLE IF NOT EXISTS `establecimiento` (
  `id` int(11) NOT NULL AUTO_INCREMENT,
  `nombre` varchar(100) NOT NULL,
  `localidad_id` int(11) NOT NULL,
  `sector` varchar(200) NOT NULL,
  PRIMARY KEY (`id`),
  KEY `localidad_id` (`localidad_id`),
  CONSTRAINT `establecimiento_ibfk_1` FOREIGN KEY (`localidad_id`) REFERENCES `localidad` (`id`)
) ENGINE=InnoDB AUTO_INCREMENT=2 DEFAULT CHARSET=utf8mb4 COLLATE=utf8mb4_general_ci;

-- Volcando datos para la tabla laravel.establecimiento: ~1 rows (aproximadamente)
INSERT INTO `establecimiento` (`id`, `nombre`, `localidad_id`, `sector`) VALUES
	(1, 'CAPLC', 1, '');

-- Volcando estructura para tabla laravel.estado_dispositivo
CREATE TABLE IF NOT EXISTS `estado_dispositivo` (
  `id` int(11) NOT NULL AUTO_INCREMENT,
  `nombre` varchar(100) NOT NULL,
  PRIMARY KEY (`id`)
) ENGINE=InnoDB AUTO_INCREMENT=4 DEFAULT CHARSET=utf8mb4 COLLATE=utf8mb4_general_ci;

-- Volcando datos para la tabla laravel.estado_dispositivo: ~3 rows (aproximadamente)
INSERT INTO `estado_dispositivo` (`id`, `nombre`) VALUES
	(1, 'Activo'),
	(2, 'Inactivo'),
	(3, 'Retirado');

-- Volcando estructura para tabla laravel.estado_funcionario
CREATE TABLE IF NOT EXISTS `estado_funcionario` (
  `id` int(11) NOT NULL AUTO_INCREMENT,
  `nombre` varchar(100) NOT NULL,
  PRIMARY KEY (`id`)
) ENGINE=InnoDB AUTO_INCREMENT=3 DEFAULT CHARSET=utf8mb4 COLLATE=utf8mb4_general_ci;

-- Volcando datos para la tabla laravel.estado_funcionario: ~2 rows (aproximadamente)
INSERT INTO `estado_funcionario` (`id`, `nombre`) VALUES
	(1, 'Activo'),
	(2, 'Inactivo');

-- Volcando estructura para tabla laravel.failed_jobs
CREATE TABLE IF NOT EXISTS `failed_jobs` (
  `id` bigint(20) unsigned NOT NULL AUTO_INCREMENT,
  `uuid` varchar(255) NOT NULL,
  `connection` text NOT NULL,
  `queue` text NOT NULL,
  `payload` longtext NOT NULL,
  `exception` longtext NOT NULL,
  `failed_at` timestamp NOT NULL DEFAULT current_timestamp(),
  PRIMARY KEY (`id`),
  UNIQUE KEY `failed_jobs_uuid_unique` (`uuid`)
) ENGINE=InnoDB DEFAULT CHARSET=utf8mb4 COLLATE=utf8mb4_unicode_ci;

-- Volcando datos para la tabla laravel.failed_jobs: ~0 rows (aproximadamente)

-- Volcando estructura para tabla laravel.funcionario
CREATE TABLE IF NOT EXISTS `funcionario` (
  `id` int(11) NOT NULL AUTO_INCREMENT,
  `nombres` varchar(100) NOT NULL,
  `apellido_pat` varchar(100) NOT NULL,
  `apellido_mat` varchar(100) DEFAULT NULL,
  `rut` varchar(50) DEFAULT NULL,
  `dv` varchar(50) DEFAULT NULL,
  `email` varchar(50) DEFAULT NULL,
  `estado_id` int(11) DEFAULT NULL,
  `user_id` bigint(20) unsigned DEFAULT NULL,
  PRIMARY KEY (`id`),
  KEY `estado_id` (`estado_id`),
  KEY `user_id` (`user_id`),
  CONSTRAINT `funcionario_ibfk_1` FOREIGN KEY (`estado_id`) REFERENCES `estado_funcionario` (`id`),
  CONSTRAINT `funcionario_ibfk_2` FOREIGN KEY (`user_id`) REFERENCES `users` (`id`)
) ENGINE=InnoDB AUTO_INCREMENT=2 DEFAULT CHARSET=utf8mb4 COLLATE=utf8mb4_general_ci;

-- Volcando datos para la tabla laravel.funcionario: ~1 rows (aproximadamente)
INSERT INTO `funcionario` (`id`, `nombres`, `apellido_pat`, `apellido_mat`, `rut`, `dv`, `email`, `estado_id`, `user_id`) VALUES
	(1, 'Diego', 'Romero', 'Pino', '18595913', '9', 'diegoromeropino.7@gmail.com', 1, 1);

-- Volcando estructura para tabla laravel.huellero
CREATE TABLE IF NOT EXISTS `huellero` (
  `id` int(11) NOT NULL AUTO_INCREMENT,
  `num_inventario` varchar(100) DEFAULT NULL,
  `marca_id` int(11) DEFAULT NULL,
  `modelo_id` int(11) DEFAULT NULL,
  `serie` varchar(100) NOT NULL,
  `observaciones` text DEFAULT NULL,
  `sala_id` int(11) DEFAULT NULL,
  `funcionario_id` int(11) DEFAULT NULL,
  `estado_id` int(11) DEFAULT NULL,
  `user_crea_id` bigint(20) unsigned DEFAULT NULL,
  `fecha_crea` datetime DEFAULT NULL,
  `user_mod_id` bigint(20) unsigned DEFAULT NULL,
  `fecha_mod` datetime DEFAULT NULL,
  PRIMARY KEY (`id`),
  KEY `sala_id` (`sala_id`),
  KEY `funcionario_id` (`funcionario_id`),
  KEY `estado_id` (`estado_id`),
  KEY `marca_id` (`marca_id`),
  KEY `modelo_id` (`modelo_id`),
  KEY `user_crea_id` (`user_crea_id`),
  KEY `user_mod_id` (`user_mod_id`),
  CONSTRAINT `huellero_ibfk_1` FOREIGN KEY (`sala_id`) REFERENCES `sala` (`id`),
  CONSTRAINT `huellero_ibfk_2` FOREIGN KEY (`funcionario_id`) REFERENCES `funcionario` (`id`),
  CONSTRAINT `huellero_ibfk_3` FOREIGN KEY (`estado_id`) REFERENCES `estado_dispositivo` (`id`),
  CONSTRAINT `huellero_ibfk_4` FOREIGN KEY (`marca_id`) REFERENCES `marca_dispositivo` (`id`),
  CONSTRAINT `huellero_ibfk_5` FOREIGN KEY (`modelo_id`) REFERENCES `modelo_dispositivo` (`id`),
  CONSTRAINT `huellero_ibfk_6` FOREIGN KEY (`user_crea_id`) REFERENCES `users` (`id`),
  CONSTRAINT `huellero_ibfk_7` FOREIGN KEY (`user_mod_id`) REFERENCES `users` (`id`)
) ENGINE=InnoDB AUTO_INCREMENT=3 DEFAULT CHARSET=utf8mb4 COLLATE=utf8mb4_general_ci;

-- Volcando datos para la tabla laravel.huellero: ~1 rows (aproximadamente)
INSERT INTO `huellero` (`id`, `num_inventario`, `marca_id`, `modelo_id`, `serie`, `observaciones`, `sala_id`, `funcionario_id`, `estado_id`, `user_crea_id`, `fecha_crea`, `user_mod_id`, `fecha_mod`) VALUES
	(2, NULL, NULL, NULL, 'dfgbfdgdfgvdf', NULL, NULL, NULL, 1, 1, '2025-04-29 11:11:33', 1, '2025-05-02 16:05:34');

-- Volcando estructura para tabla laravel.impresora
CREATE TABLE IF NOT EXISTS `impresora` (
  `id` int(11) NOT NULL AUTO_INCREMENT,
  `serie` varchar(100) NOT NULL,
  `num_inventario` varchar(100) DEFAULT NULL,
  `ip_id` int(11) DEFAULT NULL,
  `sala_id` int(11) DEFAULT NULL,
  `marca_id` int(11) DEFAULT NULL,
  `modelo_id` int(11) DEFAULT NULL,
  `tipo_id` int(11) DEFAULT NULL,
  `conexion_id` int(11) DEFAULT NULL,
  `candado_id` int(11) DEFAULT NULL,
  `corriente_id` int(11) DEFAULT NULL,
  `observaciones` text DEFAULT NULL,
  `estado_id` int(11) DEFAULT NULL,
  `funcionario_id` int(11) DEFAULT NULL,
  `proveedor_id` int(11) DEFAULT NULL,
  `user_crea_id` bigint(20) unsigned DEFAULT NULL,
  `fecha_crea` datetime DEFAULT NULL,
  `user_mod_id` bigint(20) unsigned DEFAULT NULL,
  `fecha_mod` datetime DEFAULT NULL,
  PRIMARY KEY (`id`),
  KEY `ip_id` (`ip_id`),
  KEY `sala_id` (`sala_id`),
  KEY `marca_id` (`marca_id`),
  KEY `modelo_id` (`modelo_id`),
  KEY `tipo_id` (`tipo_id`),
  KEY `conexion_id` (`conexion_id`),
  KEY `candado_id` (`candado_id`),
  KEY `corriente_id` (`corriente_id`),
  KEY `estado_id` (`estado_id`),
  KEY `proveedor_id` (`proveedor_id`),
  KEY `funcionario_id` (`funcionario_id`),
  KEY `user_crea_id` (`user_crea_id`),
  KEY `user_mod_id` (`user_mod_id`),
  CONSTRAINT `impresora_ibfk_1` FOREIGN KEY (`ip_id`) REFERENCES `ip` (`id`),
  CONSTRAINT `impresora_ibfk_10` FOREIGN KEY (`proveedor_id`) REFERENCES `proveedor` (`id`),
  CONSTRAINT `impresora_ibfk_11` FOREIGN KEY (`funcionario_id`) REFERENCES `funcionario` (`id`),
  CONSTRAINT `impresora_ibfk_12` FOREIGN KEY (`user_crea_id`) REFERENCES `users` (`id`),
  CONSTRAINT `impresora_ibfk_13` FOREIGN KEY (`user_mod_id`) REFERENCES `users` (`id`),
  CONSTRAINT `impresora_ibfk_2` FOREIGN KEY (`sala_id`) REFERENCES `sala` (`id`),
  CONSTRAINT `impresora_ibfk_3` FOREIGN KEY (`marca_id`) REFERENCES `marca_dispositivo` (`id`),
  CONSTRAINT `impresora_ibfk_4` FOREIGN KEY (`modelo_id`) REFERENCES `modelo_dispositivo` (`id`),
  CONSTRAINT `impresora_ibfk_5` FOREIGN KEY (`tipo_id`) REFERENCES `tipo_impresora` (`id`),
  CONSTRAINT `impresora_ibfk_6` FOREIGN KEY (`conexion_id`) REFERENCES `conexion_impresora` (`id`),
  CONSTRAINT `impresora_ibfk_7` FOREIGN KEY (`candado_id`) REFERENCES `candado` (`id`),
  CONSTRAINT `impresora_ibfk_8` FOREIGN KEY (`corriente_id`) REFERENCES `corriente` (`id`),
  CONSTRAINT `impresora_ibfk_9` FOREIGN KEY (`estado_id`) REFERENCES `estado_dispositivo` (`id`)
) ENGINE=InnoDB AUTO_INCREMENT=4 DEFAULT CHARSET=utf8mb4 COLLATE=utf8mb4_general_ci;

-- Volcando datos para la tabla laravel.impresora: ~1 rows (aproximadamente)
INSERT INTO `impresora` (`id`, `serie`, `num_inventario`, `ip_id`, `sala_id`, `marca_id`, `modelo_id`, `tipo_id`, `conexion_id`, `candado_id`, `corriente_id`, `observaciones`, `estado_id`, `funcionario_id`, `proveedor_id`, `user_crea_id`, `fecha_crea`, `user_mod_id`, `fecha_mod`) VALUES
	(3, 'SDFSDFSF', NULL, NULL, NULL, NULL, NULL, NULL, NULL, NULL, NULL, 'zxczxc', NULL, NULL, NULL, 1, '2025-05-02 09:40:40', 1, '2025-05-02 15:14:53');

-- Volcando estructura para tabla laravel.ip
CREATE TABLE IF NOT EXISTS `ip` (
  `id` int(11) NOT NULL AUTO_INCREMENT,
  `direccion_ip` varchar(50) NOT NULL,
  `segmento_id` int(11) DEFAULT NULL,
  `perfil_id` int(11) DEFAULT NULL,
  PRIMARY KEY (`id`),
  KEY `segmento_id` (`segmento_id`),
  KEY `perfil_id` (`perfil_id`),
  CONSTRAINT `ip_ibfk_1` FOREIGN KEY (`segmento_id`) REFERENCES `segmento` (`id`),
  CONSTRAINT `ip_ibfk_2` FOREIGN KEY (`perfil_id`) REFERENCES `perfil_ip` (`id`)
) ENGINE=InnoDB AUTO_INCREMENT=3088 DEFAULT CHARSET=utf8mb4 COLLATE=utf8mb4_general_ci;

-- Volcando datos para la tabla laravel.ip: ~2.550 rows (aproximadamente)
INSERT INTO `ip` (`id`, `direccion_ip`, `segmento_id`, `perfil_id`) VALUES
	(1, '10.69.25.1', 1, 1),
	(2, '10.69.25.2', 1, 1),
	(3, '10.69.25.3', 1, 1),
	(4, '10.69.25.4', 1, 1),
	(5, '10.69.25.5', 1, 1),
	(6, '10.69.25.6', 1, 1),
	(7, '10.69.25.7', 1, 1),
	(8, '10.69.25.8', 1, 1),
	(9, '10.69.25.9', 1, 1),
	(10, '10.69.25.10', 1, 1),
	(11, '10.69.25.11', 1, 1),
	(12, '10.69.25.12', 1, 1),
	(13, '10.69.25.13', 1, 1),
	(14, '10.69.25.14', 1, 1),
	(15, '10.69.25.15', 1, 1),
	(16, '10.69.25.16', 1, 1),
	(17, '10.69.25.17', 1, 1),
	(18, '10.69.25.18', 1, 1),
	(19, '10.69.25.19', 1, 1),
	(20, '10.69.25.20', 1, 1),
	(21, '10.69.25.21', 1, 1),
	(22, '10.69.25.22', 1, 1),
	(23, '10.69.25.23', 1, 1),
	(24, '10.69.25.24', 1, 1),
	(25, '10.69.25.25', 1, 1),
	(26, '10.69.25.26', 1, 1),
	(27, '10.69.25.27', 1, 1),
	(28, '10.69.25.28', 1, 1),
	(29, '10.69.25.29', 1, 1),
	(30, '10.69.25.30', 1, 1),
	(31, '10.69.25.31', 1, 1),
	(32, '10.69.25.32', 1, 1),
	(33, '10.69.25.33', 1, 1),
	(34, '10.69.25.34', 1, 1),
	(35, '10.69.25.35', 1, 1),
	(36, '10.69.25.36', 1, 1),
	(37, '10.69.25.37', 1, 1),
	(38, '10.69.25.38', 1, 1),
	(39, '10.69.25.39', 1, 1),
	(40, '10.69.25.40', 1, 1),
	(41, '10.69.25.41', 1, 1),
	(42, '10.69.25.42', 1, 1),
	(43, '10.69.25.43', 1, 1),
	(44, '10.69.25.44', 1, 1),
	(45, '10.69.25.45', 1, 1),
	(46, '10.69.25.46', 1, 1),
	(47, '10.69.25.47', 1, 1),
	(48, '10.69.25.48', 1, 1),
	(49, '10.69.25.49', 1, 1),
	(50, '10.69.25.50', 1, 1),
	(51, '10.69.25.51', 1, 1),
	(52, '10.69.25.52', 1, 1),
	(53, '10.69.25.53', 1, 1),
	(54, '10.69.25.54', 1, 1),
	(55, '10.69.25.55', 1, 1),
	(56, '10.69.25.56', 1, 1),
	(57, '10.69.25.57', 1, 1),
	(58, '10.69.25.58', 1, 1),
	(59, '10.69.25.59', 1, 1),
	(60, '10.69.25.60', 1, 1),
	(61, '10.69.25.61', 1, 1),
	(62, '10.69.25.62', 1, 1),
	(63, '10.69.25.63', 1, 1),
	(64, '10.69.25.64', 1, 1),
	(65, '10.69.25.65', 1, 1),
	(66, '10.69.25.66', 1, 1),
	(67, '10.69.25.67', 1, 1),
	(68, '10.69.25.68', 1, 1),
	(69, '10.69.25.69', 1, 1),
	(70, '10.69.25.70', 1, 1),
	(71, '10.69.25.71', 1, 1),
	(72, '10.69.25.72', 1, 1),
	(73, '10.69.25.73', 1, 1),
	(74, '10.69.25.74', 1, 1),
	(75, '10.69.25.75', 1, 1),
	(76, '10.69.25.76', 1, 1),
	(77, '10.69.25.77', 1, 1),
	(78, '10.69.25.78', 1, 1),
	(79, '10.69.25.79', 1, 1),
	(80, '10.69.25.80', 1, 1),
	(81, '10.69.25.81', 1, 1),
	(82, '10.69.25.82', 1, 1),
	(83, '10.69.25.83', 1, 1),
	(84, '10.69.25.84', 1, 1),
	(85, '10.69.25.85', 1, 1),
	(86, '10.69.25.86', 1, 1),
	(87, '10.69.25.87', 1, 1),
	(88, '10.69.25.88', 1, 1),
	(89, '10.69.25.89', 1, 1),
	(90, '10.69.25.90', 1, 1),
	(91, '10.69.25.91', 1, 1),
	(92, '10.69.25.92', 1, 1),
	(93, '10.69.25.93', 1, 1),
	(94, '10.69.25.94', 1, 1),
	(95, '10.69.25.95', 1, 1),
	(96, '10.69.25.96', 1, 1),
	(97, '10.69.25.97', 1, 1),
	(98, '10.69.25.98', 1, 1),
	(99, '10.69.25.99', 1, 1),
	(100, '10.69.25.100', 1, 1),
	(101, '10.69.25.101', 1, 1),
	(102, '10.69.25.102', 1, 1),
	(103, '10.69.25.103', 1, 1),
	(104, '10.69.25.104', 1, 1),
	(105, '10.69.25.105', 1, 1),
	(106, '10.69.25.106', 1, 1),
	(107, '10.69.25.107', 1, 1),
	(108, '10.69.25.108', 1, 1),
	(109, '10.69.25.109', 1, 1),
	(110, '10.69.25.110', 1, 1),
	(111, '10.69.25.111', 1, 1),
	(112, '10.69.25.112', 1, 1),
	(113, '10.69.25.113', 1, 1),
	(114, '10.69.25.114', 1, 1),
	(115, '10.69.25.115', 1, 1),
	(116, '10.69.25.116', 1, 1),
	(117, '10.69.25.117', 1, 1),
	(118, '10.69.25.118', 1, 1),
	(119, '10.69.25.119', 1, 1),
	(120, '10.69.25.120', 1, 1),
	(121, '10.69.25.121', 1, 1),
	(122, '10.69.25.122', 1, 1),
	(123, '10.69.25.123', 1, 1),
	(124, '10.69.25.124', 1, 1),
	(125, '10.69.25.125', 1, 1),
	(126, '10.69.25.126', 1, 1),
	(127, '10.69.25.127', 1, 1),
	(128, '10.69.25.128', 1, 1),
	(129, '10.69.25.129', 1, 1),
	(130, '10.69.25.130', 1, 1),
	(131, '10.69.25.131', 1, 1),
	(132, '10.69.25.132', 1, 1),
	(133, '10.69.25.133', 1, 1),
	(134, '10.69.25.134', 1, 1),
	(135, '10.69.25.135', 1, 1),
	(136, '10.69.25.136', 1, 1),
	(137, '10.69.25.137', 1, 1),
	(138, '10.69.25.138', 1, 1),
	(139, '10.69.25.139', 1, 1),
	(140, '10.69.25.140', 1, 1),
	(141, '10.69.25.141', 1, 1),
	(142, '10.69.25.142', 1, 1),
	(143, '10.69.25.143', 1, 1),
	(144, '10.69.25.144', 1, 1),
	(145, '10.69.25.145', 1, 1),
	(146, '10.69.25.146', 1, 1),
	(147, '10.69.25.147', 1, 1),
	(148, '10.69.25.148', 1, 1),
	(149, '10.69.25.149', 1, 1),
	(150, '10.69.25.150', 1, 1),
	(151, '10.69.25.151', 1, 1),
	(152, '10.69.25.152', 1, 1),
	(153, '10.69.25.153', 1, 1),
	(154, '10.69.25.154', 1, 1),
	(155, '10.69.25.155', 1, 1),
	(156, '10.69.25.156', 1, 1),
	(157, '10.69.25.157', 1, 1),
	(158, '10.69.25.158', 1, 1),
	(159, '10.69.25.159', 1, 1),
	(160, '10.69.25.160', 1, 1),
	(161, '10.69.25.161', 1, 1),
	(162, '10.69.25.162', 1, 1),
	(163, '10.69.25.163', 1, 1),
	(164, '10.69.25.164', 1, 1),
	(165, '10.69.25.165', 1, 1),
	(166, '10.69.25.166', 1, 1),
	(167, '10.69.25.167', 1, 1),
	(168, '10.69.25.168', 1, 1),
	(169, '10.69.25.169', 1, 1),
	(170, '10.69.25.170', 1, 1),
	(171, '10.69.25.171', 1, 1),
	(172, '10.69.25.172', 1, 1),
	(173, '10.69.25.173', 1, 1),
	(174, '10.69.25.174', 1, 1),
	(175, '10.69.25.175', 1, 1),
	(176, '10.69.25.176', 1, 1),
	(177, '10.69.25.177', 1, 1),
	(178, '10.69.25.178', 1, 1),
	(179, '10.69.25.179', 1, 1),
	(180, '10.69.25.180', 1, 1),
	(181, '10.69.25.181', 1, 1),
	(182, '10.69.25.182', 1, 1),
	(183, '10.69.25.183', 1, 1),
	(184, '10.69.25.184', 1, 1),
	(185, '10.69.25.185', 1, 1),
	(186, '10.69.25.186', 1, 1),
	(187, '10.69.25.187', 1, 1),
	(188, '10.69.25.188', 1, 1),
	(189, '10.69.25.189', 1, 1),
	(190, '10.69.25.190', 1, 1),
	(191, '10.69.25.191', 1, 1),
	(192, '10.69.25.192', 1, 1),
	(193, '10.69.25.193', 1, 1),
	(194, '10.69.25.194', 1, 1),
	(195, '10.69.25.195', 1, 1),
	(196, '10.69.25.196', 1, 1),
	(197, '10.69.25.197', 1, 1),
	(198, '10.69.25.198', 1, 1),
	(199, '10.69.25.199', 1, 1),
	(200, '10.69.25.200', 1, 1),
	(201, '10.69.25.201', 1, 1),
	(202, '10.69.25.202', 1, 1),
	(203, '10.69.25.203', 1, 1),
	(204, '10.69.25.204', 1, 1),
	(205, '10.69.25.205', 1, 1),
	(206, '10.69.25.206', 1, 1),
	(207, '10.69.25.207', 1, 1),
	(208, '10.69.25.208', 1, 1),
	(209, '10.69.25.209', 1, 1),
	(210, '10.69.25.210', 1, 1),
	(211, '10.69.25.211', 1, 1),
	(212, '10.69.25.212', 1, 1),
	(213, '10.69.25.213', 1, 1),
	(214, '10.69.25.214', 1, 1),
	(215, '10.69.25.215', 1, 1),
	(216, '10.69.25.216', 1, 1),
	(217, '10.69.25.217', 1, 1),
	(218, '10.69.25.218', 1, 1),
	(219, '10.69.25.219', 1, 1),
	(220, '10.69.25.220', 1, 1),
	(221, '10.69.25.221', 1, 1),
	(222, '10.69.25.222', 1, 1),
	(223, '10.69.25.223', 1, 1),
	(224, '10.69.25.224', 1, 1),
	(225, '10.69.25.225', 1, 1),
	(226, '10.69.25.226', 1, 1),
	(227, '10.69.25.227', 1, 1),
	(228, '10.69.25.228', 1, 1),
	(229, '10.69.25.229', 1, 1),
	(230, '10.69.25.230', 1, 1),
	(231, '10.69.25.231', 1, 1),
	(232, '10.69.25.232', 1, 1),
	(233, '10.69.25.233', 1, 1),
	(234, '10.69.25.234', 1, 1),
	(235, '10.69.25.235', 1, 1),
	(236, '10.69.25.236', 1, 1),
	(237, '10.69.25.237', 1, 1),
	(238, '10.69.25.238', 1, 1),
	(239, '10.69.25.239', 1, 1),
	(240, '10.69.25.240', 1, 1),
	(241, '10.69.25.241', 1, 1),
	(242, '10.69.25.242', 1, 1),
	(243, '10.69.25.243', 1, 1),
	(244, '10.69.25.244', 1, 1),
	(245, '10.69.25.245', 1, 1),
	(246, '10.69.25.246', 1, 1),
	(247, '10.69.25.247', 1, 1),
	(248, '10.69.25.248', 1, 1),
	(249, '10.69.25.249', 1, 1),
	(250, '10.69.25.250', 1, 1),
	(251, '10.69.25.251', 1, 1),
	(252, '10.69.25.252', 1, 1),
	(253, '10.69.25.253', 1, 1),
	(254, '10.69.25.254', 1, 1),
	(255, '10.69.25.255', 1, 1),
	(538, '10.69.100.1', 2, 1),
	(539, '10.69.100.2', 2, 1),
	(540, '10.69.100.3', 2, 1),
	(541, '10.69.100.4', 2, 1),
	(542, '10.69.100.5', 2, 1),
	(543, '10.69.100.6', 2, 1),
	(544, '10.69.100.7', 2, 1),
	(545, '10.69.100.8', 2, 1),
	(546, '10.69.100.9', 2, 1),
	(547, '10.69.100.10', 2, 1),
	(548, '10.69.100.11', 2, 1),
	(549, '10.69.100.12', 2, 1),
	(550, '10.69.100.13', 2, 1),
	(551, '10.69.100.14', 2, 1),
	(552, '10.69.100.15', 2, 1),
	(553, '10.69.100.16', 2, 1),
	(554, '10.69.100.17', 2, 1),
	(555, '10.69.100.18', 2, 1),
	(556, '10.69.100.19', 2, 1),
	(557, '10.69.100.20', 2, 1),
	(558, '10.69.100.21', 2, 1),
	(559, '10.69.100.22', 2, 1),
	(560, '10.69.100.23', 2, 1),
	(561, '10.69.100.24', 2, 1),
	(562, '10.69.100.25', 2, 1),
	(563, '10.69.100.26', 2, 1),
	(564, '10.69.100.27', 2, 1),
	(565, '10.69.100.28', 2, 1),
	(566, '10.69.100.29', 2, 1),
	(567, '10.69.100.30', 2, 1),
	(568, '10.69.100.31', 2, 1),
	(569, '10.69.100.32', 2, 1),
	(570, '10.69.100.33', 2, 1),
	(571, '10.69.100.34', 2, 1),
	(572, '10.69.100.35', 2, 1),
	(573, '10.69.100.36', 2, 1),
	(574, '10.69.100.37', 2, 1),
	(575, '10.69.100.38', 2, 1),
	(576, '10.69.100.39', 2, 1),
	(577, '10.69.100.40', 2, 1),
	(578, '10.69.100.41', 2, 1),
	(579, '10.69.100.42', 2, 1),
	(580, '10.69.100.43', 2, 1),
	(581, '10.69.100.44', 2, 1),
	(582, '10.69.100.45', 2, 1),
	(583, '10.69.100.46', 2, 1),
	(584, '10.69.100.47', 2, 1),
	(585, '10.69.100.48', 2, 1),
	(586, '10.69.100.49', 2, 1),
	(587, '10.69.100.50', 2, 1),
	(588, '10.69.100.51', 2, 1),
	(589, '10.69.100.52', 2, 1),
	(590, '10.69.100.53', 2, 1),
	(591, '10.69.100.54', 2, 1),
	(592, '10.69.100.55', 2, 1),
	(593, '10.69.100.56', 2, 1),
	(594, '10.69.100.57', 2, 1),
	(595, '10.69.100.58', 2, 1),
	(596, '10.69.100.59', 2, 1),
	(597, '10.69.100.60', 2, 1),
	(598, '10.69.100.61', 2, 1),
	(599, '10.69.100.62', 2, 1),
	(600, '10.69.100.63', 2, 1),
	(601, '10.69.100.64', 2, 1),
	(602, '10.69.100.65', 2, 1),
	(603, '10.69.100.66', 2, 1),
	(604, '10.69.100.67', 2, 1),
	(605, '10.69.100.68', 2, 1),
	(606, '10.69.100.69', 2, 1),
	(607, '10.69.100.70', 2, 1),
	(608, '10.69.100.71', 2, 1),
	(609, '10.69.100.72', 2, 1),
	(610, '10.69.100.73', 2, 1),
	(611, '10.69.100.74', 2, 1),
	(612, '10.69.100.75', 2, 1),
	(613, '10.69.100.76', 2, 1),
	(614, '10.69.100.77', 2, 1),
	(615, '10.69.100.78', 2, 1),
	(616, '10.69.100.79', 2, 1),
	(617, '10.69.100.80', 2, 1),
	(618, '10.69.100.81', 2, 1),
	(619, '10.69.100.82', 2, 1),
	(620, '10.69.100.83', 2, 1),
	(621, '10.69.100.84', 2, 1),
	(622, '10.69.100.85', 2, 1),
	(623, '10.69.100.86', 2, 1),
	(624, '10.69.100.87', 2, 1),
	(625, '10.69.100.88', 2, 1),
	(626, '10.69.100.89', 2, 1),
	(627, '10.69.100.90', 2, 1),
	(628, '10.69.100.91', 2, 1),
	(629, '10.69.100.92', 2, 1),
	(630, '10.69.100.93', 2, 1),
	(631, '10.69.100.94', 2, 1),
	(632, '10.69.100.95', 2, 1),
	(633, '10.69.100.96', 2, 1),
	(634, '10.69.100.97', 2, 1),
	(635, '10.69.100.98', 2, 1),
	(636, '10.69.100.99', 2, 1),
	(637, '10.69.100.100', 2, 1),
	(638, '10.69.100.101', 2, 1),
	(639, '10.69.100.102', 2, 1),
	(640, '10.69.100.103', 2, 1),
	(641, '10.69.100.104', 2, 1),
	(642, '10.69.100.105', 2, 1),
	(643, '10.69.100.106', 2, 1),
	(644, '10.69.100.107', 2, 1),
	(645, '10.69.100.108', 2, 1),
	(646, '10.69.100.109', 2, 1),
	(647, '10.69.100.110', 2, 1),
	(648, '10.69.100.111', 2, 1),
	(649, '10.69.100.112', 2, 1),
	(650, '10.69.100.113', 2, 1),
	(651, '10.69.100.114', 2, 1),
	(652, '10.69.100.115', 2, 1),
	(653, '10.69.100.116', 2, 1),
	(654, '10.69.100.117', 2, 1),
	(655, '10.69.100.118', 2, 1),
	(656, '10.69.100.119', 2, 1),
	(657, '10.69.100.120', 2, 1),
	(658, '10.69.100.121', 2, 1),
	(659, '10.69.100.122', 2, 1),
	(660, '10.69.100.123', 2, 1),
	(661, '10.69.100.124', 2, 1),
	(662, '10.69.100.125', 2, 1),
	(663, '10.69.100.126', 2, 1),
	(664, '10.69.100.127', 2, 1),
	(665, '10.69.100.128', 2, 1),
	(666, '10.69.100.129', 2, 1),
	(667, '10.69.100.130', 2, 1),
	(668, '10.69.100.131', 2, 1),
	(669, '10.69.100.132', 2, 1),
	(670, '10.69.100.133', 2, 1),
	(671, '10.69.100.134', 2, 1),
	(672, '10.69.100.135', 2, 1),
	(673, '10.69.100.136', 2, 1),
	(674, '10.69.100.137', 2, 1),
	(675, '10.69.100.138', 2, 1),
	(676, '10.69.100.139', 2, 1),
	(677, '10.69.100.140', 2, 1),
	(678, '10.69.100.141', 2, 1),
	(679, '10.69.100.142', 2, 1),
	(680, '10.69.100.143', 2, 1),
	(681, '10.69.100.144', 2, 1),
	(682, '10.69.100.145', 2, 1),
	(683, '10.69.100.146', 2, 1),
	(684, '10.69.100.147', 2, 1),
	(685, '10.69.100.148', 2, 1),
	(686, '10.69.100.149', 2, 1),
	(687, '10.69.100.150', 2, 1),
	(688, '10.69.100.151', 2, 1),
	(689, '10.69.100.152', 2, 1),
	(690, '10.69.100.153', 2, 1),
	(691, '10.69.100.154', 2, 1),
	(692, '10.69.100.155', 2, 1),
	(693, '10.69.100.156', 2, 1),
	(694, '10.69.100.157', 2, 1),
	(695, '10.69.100.158', 2, 1),
	(696, '10.69.100.159', 2, 1),
	(697, '10.69.100.160', 2, 1),
	(698, '10.69.100.161', 2, 1),
	(699, '10.69.100.162', 2, 1),
	(700, '10.69.100.163', 2, 1),
	(701, '10.69.100.164', 2, 1),
	(702, '10.69.100.165', 2, 1),
	(703, '10.69.100.166', 2, 1),
	(704, '10.69.100.167', 2, 1),
	(705, '10.69.100.168', 2, 1),
	(706, '10.69.100.169', 2, 1),
	(707, '10.69.100.170', 2, 1),
	(708, '10.69.100.171', 2, 1),
	(709, '10.69.100.172', 2, 1),
	(710, '10.69.100.173', 2, 1),
	(711, '10.69.100.174', 2, 1),
	(712, '10.69.100.175', 2, 1),
	(713, '10.69.100.176', 2, 1),
	(714, '10.69.100.177', 2, 1),
	(715, '10.69.100.178', 2, 1),
	(716, '10.69.100.179', 2, 1),
	(717, '10.69.100.180', 2, 1),
	(718, '10.69.100.181', 2, 1),
	(719, '10.69.100.182', 2, 1),
	(720, '10.69.100.183', 2, 1),
	(721, '10.69.100.184', 2, 1),
	(722, '10.69.100.185', 2, 1),
	(723, '10.69.100.186', 2, 1),
	(724, '10.69.100.187', 2, 1),
	(725, '10.69.100.188', 2, 1),
	(726, '10.69.100.189', 2, 1),
	(727, '10.69.100.190', 2, 1),
	(728, '10.69.100.191', 2, 1),
	(729, '10.69.100.192', 2, 1),
	(730, '10.69.100.193', 2, 1),
	(731, '10.69.100.194', 2, 1),
	(732, '10.69.100.195', 2, 1),
	(733, '10.69.100.196', 2, 1),
	(734, '10.69.100.197', 2, 1),
	(735, '10.69.100.198', 2, 1),
	(736, '10.69.100.199', 2, 1),
	(737, '10.69.100.200', 2, 1),
	(738, '10.69.100.201', 2, 1),
	(739, '10.69.100.202', 2, 1),
	(740, '10.69.100.203', 2, 1),
	(741, '10.69.100.204', 2, 1),
	(742, '10.69.100.205', 2, 1),
	(743, '10.69.100.206', 2, 1),
	(744, '10.69.100.207', 2, 1),
	(745, '10.69.100.208', 2, 1),
	(746, '10.69.100.209', 2, 1),
	(747, '10.69.100.210', 2, 1),
	(748, '10.69.100.211', 2, 1),
	(749, '10.69.100.212', 2, 1),
	(750, '10.69.100.213', 2, 1),
	(751, '10.69.100.214', 2, 1),
	(752, '10.69.100.215', 2, 1),
	(753, '10.69.100.216', 2, 1),
	(754, '10.69.100.217', 2, 1),
	(755, '10.69.100.218', 2, 1),
	(756, '10.69.100.219', 2, 1),
	(757, '10.69.100.220', 2, 1),
	(758, '10.69.100.221', 2, 1),
	(759, '10.69.100.222', 2, 1),
	(760, '10.69.100.223', 2, 1),
	(761, '10.69.100.224', 2, 1),
	(762, '10.69.100.225', 2, 1),
	(763, '10.69.100.226', 2, 1),
	(764, '10.69.100.227', 2, 1),
	(765, '10.69.100.228', 2, 1),
	(766, '10.69.100.229', 2, 1),
	(767, '10.69.100.230', 2, 1),
	(768, '10.69.100.231', 2, 1),
	(769, '10.69.100.232', 2, 1),
	(770, '10.69.100.233', 2, 1),
	(771, '10.69.100.234', 2, 1),
	(772, '10.69.100.235', 2, 1),
	(773, '10.69.100.236', 2, 1),
	(774, '10.69.100.237', 2, 1),
	(775, '10.69.100.238', 2, 1),
	(776, '10.69.100.239', 2, 1),
	(777, '10.69.100.240', 2, 1),
	(778, '10.69.100.241', 2, 1),
	(779, '10.69.100.242', 2, 1),
	(780, '10.69.100.243', 2, 1),
	(781, '10.69.100.244', 2, 1),
	(782, '10.69.100.245', 2, 1),
	(783, '10.69.100.246', 2, 1),
	(784, '10.69.100.247', 2, 1),
	(785, '10.69.100.248', 2, 1),
	(786, '10.69.100.249', 2, 1),
	(787, '10.69.100.250', 2, 1),
	(788, '10.69.100.251', 2, 1),
	(789, '10.69.100.252', 2, 1),
	(790, '10.69.100.253', 2, 1),
	(791, '10.69.100.254', 2, 1),
	(792, '10.69.100.255', 2, 1),
	(793, '10.69.26.1', 3, 1),
	(794, '10.69.26.2', 3, 1),
	(795, '10.69.26.3', 3, 1),
	(796, '10.69.26.4', 3, 1),
	(797, '10.69.26.5', 3, 1),
	(798, '10.69.26.6', 3, 1),
	(799, '10.69.26.7', 3, 1),
	(800, '10.69.26.8', 3, 1),
	(801, '10.69.26.9', 3, 1),
	(802, '10.69.26.10', 3, 1),
	(803, '10.69.26.11', 3, 1),
	(804, '10.69.26.12', 3, 1),
	(805, '10.69.26.13', 3, 1),
	(806, '10.69.26.14', 3, 1),
	(807, '10.69.26.15', 3, 1),
	(808, '10.69.26.16', 3, 1),
	(809, '10.69.26.17', 3, 1),
	(810, '10.69.26.18', 3, 1),
	(811, '10.69.26.19', 3, 1),
	(812, '10.69.26.20', 3, 1),
	(813, '10.69.26.21', 3, 1),
	(814, '10.69.26.22', 3, 1),
	(815, '10.69.26.23', 3, 1),
	(816, '10.69.26.24', 3, 1),
	(817, '10.69.26.25', 3, 1),
	(818, '10.69.26.26', 3, 1),
	(819, '10.69.26.27', 3, 1),
	(820, '10.69.26.28', 3, 1),
	(821, '10.69.26.29', 3, 1),
	(822, '10.69.26.30', 3, 1),
	(823, '10.69.26.31', 3, 1),
	(824, '10.69.26.32', 3, 1),
	(825, '10.69.26.33', 3, 1),
	(826, '10.69.26.34', 3, 1),
	(827, '10.69.26.35', 3, 1),
	(828, '10.69.26.36', 3, 1),
	(829, '10.69.26.37', 3, 1),
	(830, '10.69.26.38', 3, 1),
	(831, '10.69.26.39', 3, 1),
	(832, '10.69.26.40', 3, 1),
	(833, '10.69.26.41', 3, 1),
	(834, '10.69.26.42', 3, 1),
	(835, '10.69.26.43', 3, 1),
	(836, '10.69.26.44', 3, 1),
	(837, '10.69.26.45', 3, 1),
	(838, '10.69.26.46', 3, 1),
	(839, '10.69.26.47', 3, 1),
	(840, '10.69.26.48', 3, 1),
	(841, '10.69.26.49', 3, 1),
	(842, '10.69.26.50', 3, 1),
	(843, '10.69.26.51', 3, 1),
	(844, '10.69.26.52', 3, 1),
	(845, '10.69.26.53', 3, 1),
	(846, '10.69.26.54', 3, 1),
	(847, '10.69.26.55', 3, 1),
	(848, '10.69.26.56', 3, 1),
	(849, '10.69.26.57', 3, 1),
	(850, '10.69.26.58', 3, 1),
	(851, '10.69.26.59', 3, 1),
	(852, '10.69.26.60', 3, 1),
	(853, '10.69.26.61', 3, 1),
	(854, '10.69.26.62', 3, 1),
	(855, '10.69.26.63', 3, 1),
	(856, '10.69.26.64', 3, 1),
	(857, '10.69.26.65', 3, 1),
	(858, '10.69.26.66', 3, 1),
	(859, '10.69.26.67', 3, 1),
	(860, '10.69.26.68', 3, 1),
	(861, '10.69.26.69', 3, 1),
	(862, '10.69.26.70', 3, 1),
	(863, '10.69.26.71', 3, 1),
	(864, '10.69.26.72', 3, 1),
	(865, '10.69.26.73', 3, 1),
	(866, '10.69.26.74', 3, 1),
	(867, '10.69.26.75', 3, 1),
	(868, '10.69.26.76', 3, 1),
	(869, '10.69.26.77', 3, 1),
	(870, '10.69.26.78', 3, 1),
	(871, '10.69.26.79', 3, 1),
	(872, '10.69.26.80', 3, 1),
	(873, '10.69.26.81', 3, 1),
	(874, '10.69.26.82', 3, 1),
	(875, '10.69.26.83', 3, 1),
	(876, '10.69.26.84', 3, 1),
	(877, '10.69.26.85', 3, 1),
	(878, '10.69.26.86', 3, 1),
	(879, '10.69.26.87', 3, 1),
	(880, '10.69.26.88', 3, 1),
	(881, '10.69.26.89', 3, 1),
	(882, '10.69.26.90', 3, 1),
	(883, '10.69.26.91', 3, 1),
	(884, '10.69.26.92', 3, 1),
	(885, '10.69.26.93', 3, 1),
	(886, '10.69.26.94', 3, 1),
	(887, '10.69.26.95', 3, 1),
	(888, '10.69.26.96', 3, 1),
	(889, '10.69.26.97', 3, 1),
	(890, '10.69.26.98', 3, 1),
	(891, '10.69.26.99', 3, 1),
	(892, '10.69.26.100', 3, 1),
	(893, '10.69.26.101', 3, 1),
	(894, '10.69.26.102', 3, 1),
	(895, '10.69.26.103', 3, 1),
	(896, '10.69.26.104', 3, 1),
	(897, '10.69.26.105', 3, 1),
	(898, '10.69.26.106', 3, 1),
	(899, '10.69.26.107', 3, 1),
	(900, '10.69.26.108', 3, 1),
	(901, '10.69.26.109', 3, 1),
	(902, '10.69.26.110', 3, 1),
	(903, '10.69.26.111', 3, 1),
	(904, '10.69.26.112', 3, 1),
	(905, '10.69.26.113', 3, 1),
	(906, '10.69.26.114', 3, 1),
	(907, '10.69.26.115', 3, 1),
	(908, '10.69.26.116', 3, 1),
	(909, '10.69.26.117', 3, 1),
	(910, '10.69.26.118', 3, 1),
	(911, '10.69.26.119', 3, 1),
	(912, '10.69.26.120', 3, 1),
	(913, '10.69.26.121', 3, 1),
	(914, '10.69.26.122', 3, 1),
	(915, '10.69.26.123', 3, 1),
	(916, '10.69.26.124', 3, 1),
	(917, '10.69.26.125', 3, 1),
	(918, '10.69.26.126', 3, 1),
	(919, '10.69.26.127', 3, 1),
	(920, '10.69.26.128', 3, 1),
	(921, '10.69.26.129', 3, 1),
	(922, '10.69.26.130', 3, 1),
	(923, '10.69.26.131', 3, 1),
	(924, '10.69.26.132', 3, 1),
	(925, '10.69.26.133', 3, 1),
	(926, '10.69.26.134', 3, 1),
	(927, '10.69.26.135', 3, 1),
	(928, '10.69.26.136', 3, 1),
	(929, '10.69.26.137', 3, 1),
	(930, '10.69.26.138', 3, 1),
	(931, '10.69.26.139', 3, 1),
	(932, '10.69.26.140', 3, 1),
	(933, '10.69.26.141', 3, 1),
	(934, '10.69.26.142', 3, 1),
	(935, '10.69.26.143', 3, 1),
	(936, '10.69.26.144', 3, 1),
	(937, '10.69.26.145', 3, 1),
	(938, '10.69.26.146', 3, 1),
	(939, '10.69.26.147', 3, 1),
	(940, '10.69.26.148', 3, 1),
	(941, '10.69.26.149', 3, 1),
	(942, '10.69.26.150', 3, 1),
	(943, '10.69.26.151', 3, 1),
	(944, '10.69.26.152', 3, 1),
	(945, '10.69.26.153', 3, 1),
	(946, '10.69.26.154', 3, 1),
	(947, '10.69.26.155', 3, 1),
	(948, '10.69.26.156', 3, 1),
	(949, '10.69.26.157', 3, 1),
	(950, '10.69.26.158', 3, 1),
	(951, '10.69.26.159', 3, 1),
	(952, '10.69.26.160', 3, 1),
	(953, '10.69.26.161', 3, 1),
	(954, '10.69.26.162', 3, 1),
	(955, '10.69.26.163', 3, 1),
	(956, '10.69.26.164', 3, 1),
	(957, '10.69.26.165', 3, 1),
	(958, '10.69.26.166', 3, 1),
	(959, '10.69.26.167', 3, 1),
	(960, '10.69.26.168', 3, 1),
	(961, '10.69.26.169', 3, 1),
	(962, '10.69.26.170', 3, 1),
	(963, '10.69.26.171', 3, 1),
	(964, '10.69.26.172', 3, 1),
	(965, '10.69.26.173', 3, 1),
	(966, '10.69.26.174', 3, 1),
	(967, '10.69.26.175', 3, 1),
	(968, '10.69.26.176', 3, 1),
	(969, '10.69.26.177', 3, 1),
	(970, '10.69.26.178', 3, 1),
	(971, '10.69.26.179', 3, 1),
	(972, '10.69.26.180', 3, 1),
	(973, '10.69.26.181', 3, 1),
	(974, '10.69.26.182', 3, 1),
	(975, '10.69.26.183', 3, 1),
	(976, '10.69.26.184', 3, 1),
	(977, '10.69.26.185', 3, 1),
	(978, '10.69.26.186', 3, 1),
	(979, '10.69.26.187', 3, 1),
	(980, '10.69.26.188', 3, 1),
	(981, '10.69.26.189', 3, 1),
	(982, '10.69.26.190', 3, 1),
	(983, '10.69.26.191', 3, 1),
	(984, '10.69.26.192', 3, 1),
	(985, '10.69.26.193', 3, 1),
	(986, '10.69.26.194', 3, 1),
	(987, '10.69.26.195', 3, 1),
	(988, '10.69.26.196', 3, 1),
	(989, '10.69.26.197', 3, 1),
	(990, '10.69.26.198', 3, 1),
	(991, '10.69.26.199', 3, 1),
	(992, '10.69.26.200', 3, 1),
	(993, '10.69.26.201', 3, 1),
	(994, '10.69.26.202', 3, 1),
	(995, '10.69.26.203', 3, 1),
	(996, '10.69.26.204', 3, 1),
	(997, '10.69.26.205', 3, 1),
	(998, '10.69.26.206', 3, 1),
	(999, '10.69.26.207', 3, 1),
	(1000, '10.69.26.208', 3, 1),
	(1001, '10.69.26.209', 3, 1),
	(1002, '10.69.26.210', 3, 1),
	(1003, '10.69.26.211', 3, 1),
	(1004, '10.69.26.212', 3, 1),
	(1005, '10.69.26.213', 3, 1),
	(1006, '10.69.26.214', 3, 1),
	(1007, '10.69.26.215', 3, 1),
	(1008, '10.69.26.216', 3, 1),
	(1009, '10.69.26.217', 3, 1),
	(1010, '10.69.26.218', 3, 1),
	(1011, '10.69.26.219', 3, 1),
	(1012, '10.69.26.220', 3, 1),
	(1013, '10.69.26.221', 3, 1),
	(1014, '10.69.26.222', 3, 1),
	(1015, '10.69.26.223', 3, 1),
	(1016, '10.69.26.224', 3, 1),
	(1017, '10.69.26.225', 3, 1),
	(1018, '10.69.26.226', 3, 1),
	(1019, '10.69.26.227', 3, 1),
	(1020, '10.69.26.228', 3, 1),
	(1021, '10.69.26.229', 3, 1),
	(1022, '10.69.26.230', 3, 1),
	(1023, '10.69.26.231', 3, 1),
	(1024, '10.69.26.232', 3, 1),
	(1025, '10.69.26.233', 3, 1),
	(1026, '10.69.26.234', 3, 1),
	(1027, '10.69.26.235', 3, 1),
	(1028, '10.69.26.236', 3, 1),
	(1029, '10.69.26.237', 3, 1),
	(1030, '10.69.26.238', 3, 1),
	(1031, '10.69.26.239', 3, 1),
	(1032, '10.69.26.240', 3, 1),
	(1033, '10.69.26.241', 3, 1),
	(1034, '10.69.26.242', 3, 1),
	(1035, '10.69.26.243', 3, 1),
	(1036, '10.69.26.244', 3, 1),
	(1037, '10.69.26.245', 3, 1),
	(1038, '10.69.26.246', 3, 1),
	(1039, '10.69.26.247', 3, 1),
	(1040, '10.69.26.248', 3, 1),
	(1041, '10.69.26.249', 3, 1),
	(1042, '10.69.26.250', 3, 1),
	(1043, '10.69.26.251', 3, 1),
	(1044, '10.69.26.252', 3, 1),
	(1045, '10.69.26.253', 3, 1),
	(1046, '10.69.26.254', 3, 1),
	(1047, '10.69.26.255', 3, 1),
	(1048, '10.69.27.1', 4, 1),
	(1049, '10.69.27.2', 4, 1),
	(1050, '10.69.27.3', 4, 1),
	(1051, '10.69.27.4', 4, 1),
	(1052, '10.69.27.5', 4, 1),
	(1053, '10.69.27.6', 4, 1),
	(1054, '10.69.27.7', 4, 1),
	(1055, '10.69.27.8', 4, 1),
	(1056, '10.69.27.9', 4, 1),
	(1057, '10.69.27.10', 4, 1),
	(1058, '10.69.27.11', 4, 1),
	(1059, '10.69.27.12', 4, 1),
	(1060, '10.69.27.13', 4, 1),
	(1061, '10.69.27.14', 4, 1),
	(1062, '10.69.27.15', 4, 1),
	(1063, '10.69.27.16', 4, 1),
	(1064, '10.69.27.17', 4, 1),
	(1065, '10.69.27.18', 4, 1),
	(1066, '10.69.27.19', 4, 1),
	(1067, '10.69.27.20', 4, 1),
	(1068, '10.69.27.21', 4, 1),
	(1069, '10.69.27.22', 4, 1),
	(1070, '10.69.27.23', 4, 1),
	(1071, '10.69.27.24', 4, 1),
	(1072, '10.69.27.25', 4, 1),
	(1073, '10.69.27.26', 4, 1),
	(1074, '10.69.27.27', 4, 1),
	(1075, '10.69.27.28', 4, 1),
	(1076, '10.69.27.29', 4, 1),
	(1077, '10.69.27.30', 4, 1),
	(1078, '10.69.27.31', 4, 1),
	(1079, '10.69.27.32', 4, 1),
	(1080, '10.69.27.33', 4, 1),
	(1081, '10.69.27.34', 4, 1),
	(1082, '10.69.27.35', 4, 1),
	(1083, '10.69.27.36', 4, 1),
	(1084, '10.69.27.37', 4, 1),
	(1085, '10.69.27.38', 4, 1),
	(1086, '10.69.27.39', 4, 1),
	(1087, '10.69.27.40', 4, 1),
	(1088, '10.69.27.41', 4, 1),
	(1089, '10.69.27.42', 4, 1),
	(1090, '10.69.27.43', 4, 1),
	(1091, '10.69.27.44', 4, 1),
	(1092, '10.69.27.45', 4, 1),
	(1093, '10.69.27.46', 4, 1),
	(1094, '10.69.27.47', 4, 1),
	(1095, '10.69.27.48', 4, 1),
	(1096, '10.69.27.49', 4, 1),
	(1097, '10.69.27.50', 4, 1),
	(1098, '10.69.27.51', 4, 1),
	(1099, '10.69.27.52', 4, 1),
	(1100, '10.69.27.53', 4, 1),
	(1101, '10.69.27.54', 4, 1),
	(1102, '10.69.27.55', 4, 1),
	(1103, '10.69.27.56', 4, 1),
	(1104, '10.69.27.57', 4, 1),
	(1105, '10.69.27.58', 4, 1),
	(1106, '10.69.27.59', 4, 1),
	(1107, '10.69.27.60', 4, 1),
	(1108, '10.69.27.61', 4, 1),
	(1109, '10.69.27.62', 4, 1),
	(1110, '10.69.27.63', 4, 1),
	(1111, '10.69.27.64', 4, 1),
	(1112, '10.69.27.65', 4, 1),
	(1113, '10.69.27.66', 4, 1),
	(1114, '10.69.27.67', 4, 1),
	(1115, '10.69.27.68', 4, 1),
	(1116, '10.69.27.69', 4, 1),
	(1117, '10.69.27.70', 4, 1),
	(1118, '10.69.27.71', 4, 1),
	(1119, '10.69.27.72', 4, 1),
	(1120, '10.69.27.73', 4, 1),
	(1121, '10.69.27.74', 4, 1),
	(1122, '10.69.27.75', 4, 1),
	(1123, '10.69.27.76', 4, 1),
	(1124, '10.69.27.77', 4, 1),
	(1125, '10.69.27.78', 4, 1),
	(1126, '10.69.27.79', 4, 1),
	(1127, '10.69.27.80', 4, 1),
	(1128, '10.69.27.81', 4, 1),
	(1129, '10.69.27.82', 4, 1),
	(1130, '10.69.27.83', 4, 1),
	(1131, '10.69.27.84', 4, 1),
	(1132, '10.69.27.85', 4, 1),
	(1133, '10.69.27.86', 4, 1),
	(1134, '10.69.27.87', 4, 1),
	(1135, '10.69.27.88', 4, 1),
	(1136, '10.69.27.89', 4, 1),
	(1137, '10.69.27.90', 4, 1),
	(1138, '10.69.27.91', 4, 1),
	(1139, '10.69.27.92', 4, 1),
	(1140, '10.69.27.93', 4, 1),
	(1141, '10.69.27.94', 4, 1),
	(1142, '10.69.27.95', 4, 1),
	(1143, '10.69.27.96', 4, 1),
	(1144, '10.69.27.97', 4, 1),
	(1145, '10.69.27.98', 4, 1),
	(1146, '10.69.27.99', 4, 1),
	(1147, '10.69.27.100', 4, 1),
	(1148, '10.69.27.101', 4, 1),
	(1149, '10.69.27.102', 4, 1),
	(1150, '10.69.27.103', 4, 1),
	(1151, '10.69.27.104', 4, 1),
	(1152, '10.69.27.105', 4, 1),
	(1153, '10.69.27.106', 4, 1),
	(1154, '10.69.27.107', 4, 1),
	(1155, '10.69.27.108', 4, 1),
	(1156, '10.69.27.109', 4, 1),
	(1157, '10.69.27.110', 4, 1),
	(1158, '10.69.27.111', 4, 1),
	(1159, '10.69.27.112', 4, 1),
	(1160, '10.69.27.113', 4, 1),
	(1161, '10.69.27.114', 4, 1),
	(1162, '10.69.27.115', 4, 1),
	(1163, '10.69.27.116', 4, 1),
	(1164, '10.69.27.117', 4, 1),
	(1165, '10.69.27.118', 4, 1),
	(1166, '10.69.27.119', 4, 1),
	(1167, '10.69.27.120', 4, 1),
	(1168, '10.69.27.121', 4, 1),
	(1169, '10.69.27.122', 4, 1),
	(1170, '10.69.27.123', 4, 1),
	(1171, '10.69.27.124', 4, 1),
	(1172, '10.69.27.125', 4, 1),
	(1173, '10.69.27.126', 4, 1),
	(1174, '10.69.27.127', 4, 1),
	(1175, '10.69.27.128', 4, 1),
	(1176, '10.69.27.129', 4, 1),
	(1177, '10.69.27.130', 4, 1),
	(1178, '10.69.27.131', 4, 1),
	(1179, '10.69.27.132', 4, 1),
	(1180, '10.69.27.133', 4, 1),
	(1181, '10.69.27.134', 4, 1),
	(1182, '10.69.27.135', 4, 1),
	(1183, '10.69.27.136', 4, 1),
	(1184, '10.69.27.137', 4, 1),
	(1185, '10.69.27.138', 4, 1),
	(1186, '10.69.27.139', 4, 1),
	(1187, '10.69.27.140', 4, 1),
	(1188, '10.69.27.141', 4, 1),
	(1189, '10.69.27.142', 4, 1),
	(1190, '10.69.27.143', 4, 1),
	(1191, '10.69.27.144', 4, 1),
	(1192, '10.69.27.145', 4, 1),
	(1193, '10.69.27.146', 4, 1),
	(1194, '10.69.27.147', 4, 1),
	(1195, '10.69.27.148', 4, 1),
	(1196, '10.69.27.149', 4, 1),
	(1197, '10.69.27.150', 4, 1),
	(1198, '10.69.27.151', 4, 1),
	(1199, '10.69.27.152', 4, 1),
	(1200, '10.69.27.153', 4, 1),
	(1201, '10.69.27.154', 4, 1),
	(1202, '10.69.27.155', 4, 1),
	(1203, '10.69.27.156', 4, 1),
	(1204, '10.69.27.157', 4, 1),
	(1205, '10.69.27.158', 4, 1),
	(1206, '10.69.27.159', 4, 1),
	(1207, '10.69.27.160', 4, 1),
	(1208, '10.69.27.161', 4, 1),
	(1209, '10.69.27.162', 4, 1),
	(1210, '10.69.27.163', 4, 1),
	(1211, '10.69.27.164', 4, 1),
	(1212, '10.69.27.165', 4, 1),
	(1213, '10.69.27.166', 4, 1),
	(1214, '10.69.27.167', 4, 1),
	(1215, '10.69.27.168', 4, 1),
	(1216, '10.69.27.169', 4, 1),
	(1217, '10.69.27.170', 4, 1),
	(1218, '10.69.27.171', 4, 1),
	(1219, '10.69.27.172', 4, 1),
	(1220, '10.69.27.173', 4, 1),
	(1221, '10.69.27.174', 4, 1),
	(1222, '10.69.27.175', 4, 1),
	(1223, '10.69.27.176', 4, 1),
	(1224, '10.69.27.177', 4, 1),
	(1225, '10.69.27.178', 4, 1),
	(1226, '10.69.27.179', 4, 1),
	(1227, '10.69.27.180', 4, 1),
	(1228, '10.69.27.181', 4, 1),
	(1229, '10.69.27.182', 4, 1),
	(1230, '10.69.27.183', 4, 1),
	(1231, '10.69.27.184', 4, 1),
	(1232, '10.69.27.185', 4, 1),
	(1233, '10.69.27.186', 4, 1),
	(1234, '10.69.27.187', 4, 1),
	(1235, '10.69.27.188', 4, 1),
	(1236, '10.69.27.189', 4, 1),
	(1237, '10.69.27.190', 4, 1),
	(1238, '10.69.27.191', 4, 1),
	(1239, '10.69.27.192', 4, 1),
	(1240, '10.69.27.193', 4, 1),
	(1241, '10.69.27.194', 4, 1),
	(1242, '10.69.27.195', 4, 1),
	(1243, '10.69.27.196', 4, 1),
	(1244, '10.69.27.197', 4, 1),
	(1245, '10.69.27.198', 4, 1),
	(1246, '10.69.27.199', 4, 1),
	(1247, '10.69.27.200', 4, 1),
	(1248, '10.69.27.201', 4, 1),
	(1249, '10.69.27.202', 4, 1),
	(1250, '10.69.27.203', 4, 1),
	(1251, '10.69.27.204', 4, 1),
	(1252, '10.69.27.205', 4, 1),
	(1253, '10.69.27.206', 4, 1),
	(1254, '10.69.27.207', 4, 1),
	(1255, '10.69.27.208', 4, 1),
	(1256, '10.69.27.209', 4, 1),
	(1257, '10.69.27.210', 4, 1),
	(1258, '10.69.27.211', 4, 1),
	(1259, '10.69.27.212', 4, 1),
	(1260, '10.69.27.213', 4, 1),
	(1261, '10.69.27.214', 4, 1),
	(1262, '10.69.27.215', 4, 1),
	(1263, '10.69.27.216', 4, 1),
	(1264, '10.69.27.217', 4, 1),
	(1265, '10.69.27.218', 4, 1),
	(1266, '10.69.27.219', 4, 1),
	(1267, '10.69.27.220', 4, 1),
	(1268, '10.69.27.221', 4, 1),
	(1269, '10.69.27.222', 4, 1),
	(1270, '10.69.27.223', 4, 1),
	(1271, '10.69.27.224', 4, 1),
	(1272, '10.69.27.225', 4, 1),
	(1273, '10.69.27.226', 4, 1),
	(1274, '10.69.27.227', 4, 1),
	(1275, '10.69.27.228', 4, 1),
	(1276, '10.69.27.229', 4, 1),
	(1277, '10.69.27.230', 4, 1),
	(1278, '10.69.27.231', 4, 1),
	(1279, '10.69.27.232', 4, 1),
	(1280, '10.69.27.233', 4, 1),
	(1281, '10.69.27.234', 4, 1),
	(1282, '10.69.27.235', 4, 1),
	(1283, '10.69.27.236', 4, 1),
	(1284, '10.69.27.237', 4, 1),
	(1285, '10.69.27.238', 4, 1),
	(1286, '10.69.27.239', 4, 1),
	(1287, '10.69.27.240', 4, 1),
	(1288, '10.69.27.241', 4, 1),
	(1289, '10.69.27.242', 4, 1),
	(1290, '10.69.27.243', 4, 1),
	(1291, '10.69.27.244', 4, 1),
	(1292, '10.69.27.245', 4, 1),
	(1293, '10.69.27.246', 4, 1),
	(1294, '10.69.27.247', 4, 1),
	(1295, '10.69.27.248', 4, 1),
	(1296, '10.69.27.249', 4, 1),
	(1297, '10.69.27.250', 4, 1),
	(1298, '10.69.27.251', 4, 1),
	(1299, '10.69.27.252', 4, 1),
	(1300, '10.69.27.253', 4, 1),
	(1301, '10.69.27.254', 4, 1),
	(1302, '10.69.27.255', 4, 1),
	(1303, '10.69.101.1', 5, 1),
	(1304, '10.69.101.2', 5, 1),
	(1305, '10.69.101.3', 5, 1),
	(1306, '10.69.101.4', 5, 1),
	(1307, '10.69.101.5', 5, 1),
	(1308, '10.69.101.6', 5, 1),
	(1309, '10.69.101.7', 5, 1),
	(1310, '10.69.101.8', 5, 1),
	(1311, '10.69.101.9', 5, 1),
	(1312, '10.69.101.10', 5, 1),
	(1313, '10.69.101.11', 5, 1),
	(1314, '10.69.101.12', 5, 1),
	(1315, '10.69.101.13', 5, 1),
	(1316, '10.69.101.14', 5, 1),
	(1317, '10.69.101.15', 5, 1),
	(1318, '10.69.101.16', 5, 1),
	(1319, '10.69.101.17', 5, 1),
	(1320, '10.69.101.18', 5, 1),
	(1321, '10.69.101.19', 5, 1),
	(1322, '10.69.101.20', 5, 1),
	(1323, '10.69.101.21', 5, 1),
	(1324, '10.69.101.22', 5, 1),
	(1325, '10.69.101.23', 5, 1),
	(1326, '10.69.101.24', 5, 1),
	(1327, '10.69.101.25', 5, 1),
	(1328, '10.69.101.26', 5, 1),
	(1329, '10.69.101.27', 5, 1),
	(1330, '10.69.101.28', 5, 1),
	(1331, '10.69.101.29', 5, 1),
	(1332, '10.69.101.30', 5, 1),
	(1333, '10.69.101.31', 5, 1),
	(1334, '10.69.101.32', 5, 1),
	(1335, '10.69.101.33', 5, 1),
	(1336, '10.69.101.34', 5, 1),
	(1337, '10.69.101.35', 5, 1),
	(1338, '10.69.101.36', 5, 1),
	(1339, '10.69.101.37', 5, 1),
	(1340, '10.69.101.38', 5, 1),
	(1341, '10.69.101.39', 5, 1),
	(1342, '10.69.101.40', 5, 1),
	(1343, '10.69.101.41', 5, 1),
	(1344, '10.69.101.42', 5, 1),
	(1345, '10.69.101.43', 5, 1),
	(1346, '10.69.101.44', 5, 1),
	(1347, '10.69.101.45', 5, 1),
	(1348, '10.69.101.46', 5, 1),
	(1349, '10.69.101.47', 5, 1),
	(1350, '10.69.101.48', 5, 1),
	(1351, '10.69.101.49', 5, 1),
	(1352, '10.69.101.50', 5, 1),
	(1353, '10.69.101.51', 5, 1),
	(1354, '10.69.101.52', 5, 1),
	(1355, '10.69.101.53', 5, 1),
	(1356, '10.69.101.54', 5, 1),
	(1357, '10.69.101.55', 5, 1),
	(1358, '10.69.101.56', 5, 1),
	(1359, '10.69.101.57', 5, 1),
	(1360, '10.69.101.58', 5, 1),
	(1361, '10.69.101.59', 5, 1),
	(1362, '10.69.101.60', 5, 1),
	(1363, '10.69.101.61', 5, 1),
	(1364, '10.69.101.62', 5, 1),
	(1365, '10.69.101.63', 5, 1),
	(1366, '10.69.101.64', 5, 1),
	(1367, '10.69.101.65', 5, 1),
	(1368, '10.69.101.66', 5, 1),
	(1369, '10.69.101.67', 5, 1),
	(1370, '10.69.101.68', 5, 1),
	(1371, '10.69.101.69', 5, 1),
	(1372, '10.69.101.70', 5, 1),
	(1373, '10.69.101.71', 5, 1),
	(1374, '10.69.101.72', 5, 1),
	(1375, '10.69.101.73', 5, 1),
	(1376, '10.69.101.74', 5, 1),
	(1377, '10.69.101.75', 5, 1),
	(1378, '10.69.101.76', 5, 1),
	(1379, '10.69.101.77', 5, 1),
	(1380, '10.69.101.78', 5, 1),
	(1381, '10.69.101.79', 5, 1),
	(1382, '10.69.101.80', 5, 1),
	(1383, '10.69.101.81', 5, 1),
	(1384, '10.69.101.82', 5, 1),
	(1385, '10.69.101.83', 5, 1),
	(1386, '10.69.101.84', 5, 1),
	(1387, '10.69.101.85', 5, 1),
	(1388, '10.69.101.86', 5, 1),
	(1389, '10.69.101.87', 5, 1),
	(1390, '10.69.101.88', 5, 1),
	(1391, '10.69.101.89', 5, 1),
	(1392, '10.69.101.90', 5, 1),
	(1393, '10.69.101.91', 5, 1),
	(1394, '10.69.101.92', 5, 1),
	(1395, '10.69.101.93', 5, 1),
	(1396, '10.69.101.94', 5, 1),
	(1397, '10.69.101.95', 5, 1),
	(1398, '10.69.101.96', 5, 1),
	(1399, '10.69.101.97', 5, 1),
	(1400, '10.69.101.98', 5, 1),
	(1401, '10.69.101.99', 5, 1),
	(1402, '10.69.101.100', 5, 1),
	(1403, '10.69.101.101', 5, 1),
	(1404, '10.69.101.102', 5, 1),
	(1405, '10.69.101.103', 5, 1),
	(1406, '10.69.101.104', 5, 1),
	(1407, '10.69.101.105', 5, 1),
	(1408, '10.69.101.106', 5, 1),
	(1409, '10.69.101.107', 5, 1),
	(1410, '10.69.101.108', 5, 1),
	(1411, '10.69.101.109', 5, 1),
	(1412, '10.69.101.110', 5, 1),
	(1413, '10.69.101.111', 5, 1),
	(1414, '10.69.101.112', 5, 1),
	(1415, '10.69.101.113', 5, 1),
	(1416, '10.69.101.114', 5, 1),
	(1417, '10.69.101.115', 5, 1),
	(1418, '10.69.101.116', 5, 1),
	(1419, '10.69.101.117', 5, 1),
	(1420, '10.69.101.118', 5, 1),
	(1421, '10.69.101.119', 5, 1),
	(1422, '10.69.101.120', 5, 1),
	(1423, '10.69.101.121', 5, 1),
	(1424, '10.69.101.122', 5, 1),
	(1425, '10.69.101.123', 5, 1),
	(1426, '10.69.101.124', 5, 1),
	(1427, '10.69.101.125', 5, 1),
	(1428, '10.69.101.126', 5, 1),
	(1429, '10.69.101.127', 5, 1),
	(1430, '10.69.101.128', 5, 1),
	(1431, '10.69.101.129', 5, 1),
	(1432, '10.69.101.130', 5, 1),
	(1433, '10.69.101.131', 5, 1),
	(1434, '10.69.101.132', 5, 1),
	(1435, '10.69.101.133', 5, 1),
	(1436, '10.69.101.134', 5, 1),
	(1437, '10.69.101.135', 5, 1),
	(1438, '10.69.101.136', 5, 1),
	(1439, '10.69.101.137', 5, 1),
	(1440, '10.69.101.138', 5, 1),
	(1441, '10.69.101.139', 5, 1),
	(1442, '10.69.101.140', 5, 1),
	(1443, '10.69.101.141', 5, 1),
	(1444, '10.69.101.142', 5, 1),
	(1445, '10.69.101.143', 5, 1),
	(1446, '10.69.101.144', 5, 1),
	(1447, '10.69.101.145', 5, 1),
	(1448, '10.69.101.146', 5, 1),
	(1449, '10.69.101.147', 5, 1),
	(1450, '10.69.101.148', 5, 1),
	(1451, '10.69.101.149', 5, 1),
	(1452, '10.69.101.150', 5, 1),
	(1453, '10.69.101.151', 5, 1),
	(1454, '10.69.101.152', 5, 1),
	(1455, '10.69.101.153', 5, 1),
	(1456, '10.69.101.154', 5, 1),
	(1457, '10.69.101.155', 5, 1),
	(1458, '10.69.101.156', 5, 1),
	(1459, '10.69.101.157', 5, 1),
	(1460, '10.69.101.158', 5, 1),
	(1461, '10.69.101.159', 5, 1),
	(1462, '10.69.101.160', 5, 1),
	(1463, '10.69.101.161', 5, 1),
	(1464, '10.69.101.162', 5, 1),
	(1465, '10.69.101.163', 5, 1),
	(1466, '10.69.101.164', 5, 1),
	(1467, '10.69.101.165', 5, 1),
	(1468, '10.69.101.166', 5, 1),
	(1469, '10.69.101.167', 5, 1),
	(1470, '10.69.101.168', 5, 1),
	(1471, '10.69.101.169', 5, 1),
	(1472, '10.69.101.170', 5, 1),
	(1473, '10.69.101.171', 5, 1),
	(1474, '10.69.101.172', 5, 1),
	(1475, '10.69.101.173', 5, 1),
	(1476, '10.69.101.174', 5, 1),
	(1477, '10.69.101.175', 5, 1),
	(1478, '10.69.101.176', 5, 1),
	(1479, '10.69.101.177', 5, 1),
	(1480, '10.69.101.178', 5, 1),
	(1481, '10.69.101.179', 5, 1),
	(1482, '10.69.101.180', 5, 1),
	(1483, '10.69.101.181', 5, 1),
	(1484, '10.69.101.182', 5, 1),
	(1485, '10.69.101.183', 5, 1),
	(1486, '10.69.101.184', 5, 1),
	(1487, '10.69.101.185', 5, 1),
	(1488, '10.69.101.186', 5, 1),
	(1489, '10.69.101.187', 5, 1),
	(1490, '10.69.101.188', 5, 1),
	(1491, '10.69.101.189', 5, 1),
	(1492, '10.69.101.190', 5, 1),
	(1493, '10.69.101.191', 5, 1),
	(1494, '10.69.101.192', 5, 1),
	(1495, '10.69.101.193', 5, 1),
	(1496, '10.69.101.194', 5, 1),
	(1497, '10.69.101.195', 5, 1),
	(1498, '10.69.101.196', 5, 1),
	(1499, '10.69.101.197', 5, 1),
	(1500, '10.69.101.198', 5, 1),
	(1501, '10.69.101.199', 5, 1),
	(1502, '10.69.101.200', 5, 1),
	(1503, '10.69.101.201', 5, 1),
	(1504, '10.69.101.202', 5, 1),
	(1505, '10.69.101.203', 5, 1),
	(1506, '10.69.101.204', 5, 1),
	(1507, '10.69.101.205', 5, 1),
	(1508, '10.69.101.206', 5, 1),
	(1509, '10.69.101.207', 5, 1),
	(1510, '10.69.101.208', 5, 1),
	(1511, '10.69.101.209', 5, 1),
	(1512, '10.69.101.210', 5, 1),
	(1513, '10.69.101.211', 5, 1),
	(1514, '10.69.101.212', 5, 1),
	(1515, '10.69.101.213', 5, 1),
	(1516, '10.69.101.214', 5, 1),
	(1517, '10.69.101.215', 5, 1),
	(1518, '10.69.101.216', 5, 1),
	(1519, '10.69.101.217', 5, 1),
	(1520, '10.69.101.218', 5, 1),
	(1521, '10.69.101.219', 5, 1),
	(1522, '10.69.101.220', 5, 1),
	(1523, '10.69.101.221', 5, 1),
	(1524, '10.69.101.222', 5, 1),
	(1525, '10.69.101.223', 5, 1),
	(1526, '10.69.101.224', 5, 1),
	(1527, '10.69.101.225', 5, 1),
	(1528, '10.69.101.226', 5, 1),
	(1529, '10.69.101.227', 5, 1),
	(1530, '10.69.101.228', 5, 1),
	(1531, '10.69.101.229', 5, 1),
	(1532, '10.69.101.230', 5, 1),
	(1533, '10.69.101.231', 5, 1),
	(1534, '10.69.101.232', 5, 1),
	(1535, '10.69.101.233', 5, 1),
	(1536, '10.69.101.234', 5, 1),
	(1537, '10.69.101.235', 5, 1),
	(1538, '10.69.101.236', 5, 1),
	(1539, '10.69.101.237', 5, 1),
	(1540, '10.69.101.238', 5, 1),
	(1541, '10.69.101.239', 5, 1),
	(1542, '10.69.101.240', 5, 1),
	(1543, '10.69.101.241', 5, 1),
	(1544, '10.69.101.242', 5, 1),
	(1545, '10.69.101.243', 5, 1),
	(1546, '10.69.101.244', 5, 1),
	(1547, '10.69.101.245', 5, 1),
	(1548, '10.69.101.246', 5, 1),
	(1549, '10.69.101.247', 5, 1),
	(1550, '10.69.101.248', 5, 1),
	(1551, '10.69.101.249', 5, 1),
	(1552, '10.69.101.250', 5, 1),
	(1553, '10.69.101.251', 5, 1),
	(1554, '10.69.101.252', 5, 1),
	(1555, '10.69.101.253', 5, 1),
	(1556, '10.69.101.254', 5, 1),
	(1557, '10.69.101.255', 5, 1),
	(1813, '10.69.102.1', 6, 1),
	(1814, '10.69.102.2', 6, 1),
	(1815, '10.69.102.3', 6, 1),
	(1816, '10.69.102.4', 6, 1),
	(1817, '10.69.102.5', 6, 1),
	(1818, '10.69.102.6', 6, 1),
	(1819, '10.69.102.7', 6, 1),
	(1820, '10.69.102.8', 6, 1),
	(1821, '10.69.102.9', 6, 1),
	(1822, '10.69.102.10', 6, 1),
	(1823, '10.69.102.11', 6, 1),
	(1824, '10.69.102.12', 6, 1),
	(1825, '10.69.102.13', 6, 1),
	(1826, '10.69.102.14', 6, 1),
	(1827, '10.69.102.15', 6, 1),
	(1828, '10.69.102.16', 6, 1),
	(1829, '10.69.102.17', 6, 1),
	(1830, '10.69.102.18', 6, 1),
	(1831, '10.69.102.19', 6, 1),
	(1832, '10.69.102.20', 6, 1),
	(1833, '10.69.102.21', 6, 1),
	(1834, '10.69.102.22', 6, 1),
	(1835, '10.69.102.23', 6, 1),
	(1836, '10.69.102.24', 6, 1),
	(1837, '10.69.102.25', 6, 1),
	(1838, '10.69.102.26', 6, 1),
	(1839, '10.69.102.27', 6, 1),
	(1840, '10.69.102.28', 6, 1),
	(1841, '10.69.102.29', 6, 1),
	(1842, '10.69.102.30', 6, 1),
	(1843, '10.69.102.31', 6, 1),
	(1844, '10.69.102.32', 6, 1),
	(1845, '10.69.102.33', 6, 1),
	(1846, '10.69.102.34', 6, 1),
	(1847, '10.69.102.35', 6, 1),
	(1848, '10.69.102.36', 6, 1),
	(1849, '10.69.102.37', 6, 1),
	(1850, '10.69.102.38', 6, 1),
	(1851, '10.69.102.39', 6, 1),
	(1852, '10.69.102.40', 6, 1),
	(1853, '10.69.102.41', 6, 1),
	(1854, '10.69.102.42', 6, 1),
	(1855, '10.69.102.43', 6, 1),
	(1856, '10.69.102.44', 6, 1),
	(1857, '10.69.102.45', 6, 1),
	(1858, '10.69.102.46', 6, 1),
	(1859, '10.69.102.47', 6, 1),
	(1860, '10.69.102.48', 6, 1),
	(1861, '10.69.102.49', 6, 1),
	(1862, '10.69.102.50', 6, 1),
	(1863, '10.69.102.51', 6, 1),
	(1864, '10.69.102.52', 6, 1),
	(1865, '10.69.102.53', 6, 1),
	(1866, '10.69.102.54', 6, 1),
	(1867, '10.69.102.55', 6, 1),
	(1868, '10.69.102.56', 6, 1),
	(1869, '10.69.102.57', 6, 1),
	(1870, '10.69.102.58', 6, 1),
	(1871, '10.69.102.59', 6, 1),
	(1872, '10.69.102.60', 6, 1),
	(1873, '10.69.102.61', 6, 1),
	(1874, '10.69.102.62', 6, 1),
	(1875, '10.69.102.63', 6, 1),
	(1876, '10.69.102.64', 6, 1),
	(1877, '10.69.102.65', 6, 1),
	(1878, '10.69.102.66', 6, 1),
	(1879, '10.69.102.67', 6, 1),
	(1880, '10.69.102.68', 6, 1),
	(1881, '10.69.102.69', 6, 1),
	(1882, '10.69.102.70', 6, 1),
	(1883, '10.69.102.71', 6, 1),
	(1884, '10.69.102.72', 6, 1),
	(1885, '10.69.102.73', 6, 1),
	(1886, '10.69.102.74', 6, 1),
	(1887, '10.69.102.75', 6, 1),
	(1888, '10.69.102.76', 6, 1),
	(1889, '10.69.102.77', 6, 1),
	(1890, '10.69.102.78', 6, 1),
	(1891, '10.69.102.79', 6, 1),
	(1892, '10.69.102.80', 6, 1),
	(1893, '10.69.102.81', 6, 1),
	(1894, '10.69.102.82', 6, 1),
	(1895, '10.69.102.83', 6, 1),
	(1896, '10.69.102.84', 6, 1),
	(1897, '10.69.102.85', 6, 1),
	(1898, '10.69.102.86', 6, 1),
	(1899, '10.69.102.87', 6, 1),
	(1900, '10.69.102.88', 6, 1),
	(1901, '10.69.102.89', 6, 1),
	(1902, '10.69.102.90', 6, 1),
	(1903, '10.69.102.91', 6, 1),
	(1904, '10.69.102.92', 6, 1),
	(1905, '10.69.102.93', 6, 1),
	(1906, '10.69.102.94', 6, 1),
	(1907, '10.69.102.95', 6, 1),
	(1908, '10.69.102.96', 6, 1),
	(1909, '10.69.102.97', 6, 1),
	(1910, '10.69.102.98', 6, 1),
	(1911, '10.69.102.99', 6, 1),
	(1912, '10.69.102.100', 6, 1),
	(1913, '10.69.102.101', 6, 1),
	(1914, '10.69.102.102', 6, 1),
	(1915, '10.69.102.103', 6, 1),
	(1916, '10.69.102.104', 6, 1),
	(1917, '10.69.102.105', 6, 1),
	(1918, '10.69.102.106', 6, 1),
	(1919, '10.69.102.107', 6, 1),
	(1920, '10.69.102.108', 6, 1),
	(1921, '10.69.102.109', 6, 1),
	(1922, '10.69.102.110', 6, 1),
	(1923, '10.69.102.111', 6, 1),
	(1924, '10.69.102.112', 6, 1),
	(1925, '10.69.102.113', 6, 1),
	(1926, '10.69.102.114', 6, 1),
	(1927, '10.69.102.115', 6, 1),
	(1928, '10.69.102.116', 6, 1),
	(1929, '10.69.102.117', 6, 1),
	(1930, '10.69.102.118', 6, 1),
	(1931, '10.69.102.119', 6, 1),
	(1932, '10.69.102.120', 6, 1),
	(1933, '10.69.102.121', 6, 1),
	(1934, '10.69.102.122', 6, 1),
	(1935, '10.69.102.123', 6, 1),
	(1936, '10.69.102.124', 6, 1),
	(1937, '10.69.102.125', 6, 1),
	(1938, '10.69.102.126', 6, 1),
	(1939, '10.69.102.127', 6, 1),
	(1940, '10.69.102.128', 6, 1),
	(1941, '10.69.102.129', 6, 1),
	(1942, '10.69.102.130', 6, 1),
	(1943, '10.69.102.131', 6, 1),
	(1944, '10.69.102.132', 6, 1),
	(1945, '10.69.102.133', 6, 1),
	(1946, '10.69.102.134', 6, 1),
	(1947, '10.69.102.135', 6, 1),
	(1948, '10.69.102.136', 6, 1),
	(1949, '10.69.102.137', 6, 1),
	(1950, '10.69.102.138', 6, 1),
	(1951, '10.69.102.139', 6, 1),
	(1952, '10.69.102.140', 6, 1),
	(1953, '10.69.102.141', 6, 1),
	(1954, '10.69.102.142', 6, 1),
	(1955, '10.69.102.143', 6, 1),
	(1956, '10.69.102.144', 6, 1),
	(1957, '10.69.102.145', 6, 1),
	(1958, '10.69.102.146', 6, 1),
	(1959, '10.69.102.147', 6, 1),
	(1960, '10.69.102.148', 6, 1),
	(1961, '10.69.102.149', 6, 1),
	(1962, '10.69.102.150', 6, 1),
	(1963, '10.69.102.151', 6, 1),
	(1964, '10.69.102.152', 6, 1),
	(1965, '10.69.102.153', 6, 1),
	(1966, '10.69.102.154', 6, 1),
	(1967, '10.69.102.155', 6, 1),
	(1968, '10.69.102.156', 6, 1),
	(1969, '10.69.102.157', 6, 1),
	(1970, '10.69.102.158', 6, 1),
	(1971, '10.69.102.159', 6, 1),
	(1972, '10.69.102.160', 6, 1),
	(1973, '10.69.102.161', 6, 1),
	(1974, '10.69.102.162', 6, 1),
	(1975, '10.69.102.163', 6, 1),
	(1976, '10.69.102.164', 6, 1),
	(1977, '10.69.102.165', 6, 1),
	(1978, '10.69.102.166', 6, 1),
	(1979, '10.69.102.167', 6, 1),
	(1980, '10.69.102.168', 6, 1),
	(1981, '10.69.102.169', 6, 1),
	(1982, '10.69.102.170', 6, 1),
	(1983, '10.69.102.171', 6, 1),
	(1984, '10.69.102.172', 6, 1),
	(1985, '10.69.102.173', 6, 1),
	(1986, '10.69.102.174', 6, 1),
	(1987, '10.69.102.175', 6, 1),
	(1988, '10.69.102.176', 6, 1),
	(1989, '10.69.102.177', 6, 1),
	(1990, '10.69.102.178', 6, 1),
	(1991, '10.69.102.179', 6, 1),
	(1992, '10.69.102.180', 6, 1),
	(1993, '10.69.102.181', 6, 1),
	(1994, '10.69.102.182', 6, 1),
	(1995, '10.69.102.183', 6, 1),
	(1996, '10.69.102.184', 6, 1),
	(1997, '10.69.102.185', 6, 1),
	(1998, '10.69.102.186', 6, 1),
	(1999, '10.69.102.187', 6, 1),
	(2000, '10.69.102.188', 6, 1),
	(2001, '10.69.102.189', 6, 1),
	(2002, '10.69.102.190', 6, 1),
	(2003, '10.69.102.191', 6, 1),
	(2004, '10.69.102.192', 6, 1),
	(2005, '10.69.102.193', 6, 1),
	(2006, '10.69.102.194', 6, 1),
	(2007, '10.69.102.195', 6, 1),
	(2008, '10.69.102.196', 6, 1),
	(2009, '10.69.102.197', 6, 1),
	(2010, '10.69.102.198', 6, 1),
	(2011, '10.69.102.199', 6, 1),
	(2012, '10.69.102.200', 6, 1),
	(2013, '10.69.102.201', 6, 1),
	(2014, '10.69.102.202', 6, 1),
	(2015, '10.69.102.203', 6, 1),
	(2016, '10.69.102.204', 6, 1),
	(2017, '10.69.102.205', 6, 1),
	(2018, '10.69.102.206', 6, 1),
	(2019, '10.69.102.207', 6, 1),
	(2020, '10.69.102.208', 6, 1),
	(2021, '10.69.102.209', 6, 1),
	(2022, '10.69.102.210', 6, 1),
	(2023, '10.69.102.211', 6, 1),
	(2024, '10.69.102.212', 6, 1),
	(2025, '10.69.102.213', 6, 1),
	(2026, '10.69.102.214', 6, 1),
	(2027, '10.69.102.215', 6, 1),
	(2028, '10.69.102.216', 6, 1),
	(2029, '10.69.102.217', 6, 1),
	(2030, '10.69.102.218', 6, 1),
	(2031, '10.69.102.219', 6, 1),
	(2032, '10.69.102.220', 6, 1),
	(2033, '10.69.102.221', 6, 1),
	(2034, '10.69.102.222', 6, 1),
	(2035, '10.69.102.223', 6, 1),
	(2036, '10.69.102.224', 6, 1),
	(2037, '10.69.102.225', 6, 1),
	(2038, '10.69.102.226', 6, 1),
	(2039, '10.69.102.227', 6, 1),
	(2040, '10.69.102.228', 6, 1),
	(2041, '10.69.102.229', 6, 1),
	(2042, '10.69.102.230', 6, 1),
	(2043, '10.69.102.231', 6, 1),
	(2044, '10.69.102.232', 6, 1),
	(2045, '10.69.102.233', 6, 1),
	(2046, '10.69.102.234', 6, 1),
	(2047, '10.69.102.235', 6, 1),
	(2048, '10.69.102.236', 6, 1),
	(2049, '10.69.102.237', 6, 1),
	(2050, '10.69.102.238', 6, 1),
	(2051, '10.69.102.239', 6, 1),
	(2052, '10.69.102.240', 6, 1),
	(2053, '10.69.102.241', 6, 1),
	(2054, '10.69.102.242', 6, 1),
	(2055, '10.69.102.243', 6, 1),
	(2056, '10.69.102.244', 6, 1),
	(2057, '10.69.102.245', 6, 1),
	(2058, '10.69.102.246', 6, 1),
	(2059, '10.69.102.247', 6, 1),
	(2060, '10.69.102.248', 6, 1),
	(2061, '10.69.102.249', 6, 1),
	(2062, '10.69.102.250', 6, 1),
	(2063, '10.69.102.251', 6, 1),
	(2064, '10.69.102.252', 6, 1),
	(2065, '10.69.102.253', 6, 1),
	(2066, '10.69.102.254', 6, 1),
	(2067, '10.69.102.255', 6, 1),
	(2068, '10.69.28.1', 7, 1),
	(2069, '10.69.28.2', 7, 1),
	(2070, '10.69.28.3', 7, 1),
	(2071, '10.69.28.4', 7, 1),
	(2072, '10.69.28.5', 7, 1),
	(2073, '10.69.28.6', 7, 1),
	(2074, '10.69.28.7', 7, 1),
	(2075, '10.69.28.8', 7, 1),
	(2076, '10.69.28.9', 7, 1),
	(2077, '10.69.28.10', 7, 1),
	(2078, '10.69.28.11', 7, 1),
	(2079, '10.69.28.12', 7, 1),
	(2080, '10.69.28.13', 7, 1),
	(2081, '10.69.28.14', 7, 1),
	(2082, '10.69.28.15', 7, 1),
	(2083, '10.69.28.16', 7, 1),
	(2084, '10.69.28.17', 7, 1),
	(2085, '10.69.28.18', 7, 1),
	(2086, '10.69.28.19', 7, 1),
	(2087, '10.69.28.20', 7, 1),
	(2088, '10.69.28.21', 7, 1),
	(2089, '10.69.28.22', 7, 1),
	(2090, '10.69.28.23', 7, 1),
	(2091, '10.69.28.24', 7, 1),
	(2092, '10.69.28.25', 7, 1),
	(2093, '10.69.28.26', 7, 1),
	(2094, '10.69.28.27', 7, 1),
	(2095, '10.69.28.28', 7, 1),
	(2096, '10.69.28.29', 7, 1),
	(2097, '10.69.28.30', 7, 1),
	(2098, '10.69.28.31', 7, 1),
	(2099, '10.69.28.32', 7, 1),
	(2100, '10.69.28.33', 7, 1),
	(2101, '10.69.28.34', 7, 1),
	(2102, '10.69.28.35', 7, 1),
	(2103, '10.69.28.36', 7, 1),
	(2104, '10.69.28.37', 7, 1),
	(2105, '10.69.28.38', 7, 1),
	(2106, '10.69.28.39', 7, 1),
	(2107, '10.69.28.40', 7, 1),
	(2108, '10.69.28.41', 7, 1),
	(2109, '10.69.28.42', 7, 1),
	(2110, '10.69.28.43', 7, 1),
	(2111, '10.69.28.44', 7, 1),
	(2112, '10.69.28.45', 7, 1),
	(2113, '10.69.28.46', 7, 1),
	(2114, '10.69.28.47', 7, 1),
	(2115, '10.69.28.48', 7, 1),
	(2116, '10.69.28.49', 7, 1),
	(2117, '10.69.28.50', 7, 1),
	(2118, '10.69.28.51', 7, 1),
	(2119, '10.69.28.52', 7, 1),
	(2120, '10.69.28.53', 7, 1),
	(2121, '10.69.28.54', 7, 1),
	(2122, '10.69.28.55', 7, 1),
	(2123, '10.69.28.56', 7, 1),
	(2124, '10.69.28.57', 7, 1),
	(2125, '10.69.28.58', 7, 1),
	(2126, '10.69.28.59', 7, 1),
	(2127, '10.69.28.60', 7, 1),
	(2128, '10.69.28.61', 7, 1),
	(2129, '10.69.28.62', 7, 1),
	(2130, '10.69.28.63', 7, 1),
	(2131, '10.69.28.64', 7, 1),
	(2132, '10.69.28.65', 7, 1),
	(2133, '10.69.28.66', 7, 1),
	(2134, '10.69.28.67', 7, 1),
	(2135, '10.69.28.68', 7, 1),
	(2136, '10.69.28.69', 7, 1),
	(2137, '10.69.28.70', 7, 1),
	(2138, '10.69.28.71', 7, 1),
	(2139, '10.69.28.72', 7, 1),
	(2140, '10.69.28.73', 7, 1),
	(2141, '10.69.28.74', 7, 1),
	(2142, '10.69.28.75', 7, 1),
	(2143, '10.69.28.76', 7, 1),
	(2144, '10.69.28.77', 7, 1),
	(2145, '10.69.28.78', 7, 1),
	(2146, '10.69.28.79', 7, 1),
	(2147, '10.69.28.80', 7, 1),
	(2148, '10.69.28.81', 7, 1),
	(2149, '10.69.28.82', 7, 1),
	(2150, '10.69.28.83', 7, 1),
	(2151, '10.69.28.84', 7, 1),
	(2152, '10.69.28.85', 7, 1),
	(2153, '10.69.28.86', 7, 1),
	(2154, '10.69.28.87', 7, 1),
	(2155, '10.69.28.88', 7, 1),
	(2156, '10.69.28.89', 7, 1),
	(2157, '10.69.28.90', 7, 1),
	(2158, '10.69.28.91', 7, 1),
	(2159, '10.69.28.92', 7, 1),
	(2160, '10.69.28.93', 7, 1),
	(2161, '10.69.28.94', 7, 1),
	(2162, '10.69.28.95', 7, 1),
	(2163, '10.69.28.96', 7, 1),
	(2164, '10.69.28.97', 7, 1),
	(2165, '10.69.28.98', 7, 1),
	(2166, '10.69.28.99', 7, 1),
	(2167, '10.69.28.100', 7, 1),
	(2168, '10.69.28.101', 7, 1),
	(2169, '10.69.28.102', 7, 1),
	(2170, '10.69.28.103', 7, 1),
	(2171, '10.69.28.104', 7, 1),
	(2172, '10.69.28.105', 7, 1),
	(2173, '10.69.28.106', 7, 1),
	(2174, '10.69.28.107', 7, 1),
	(2175, '10.69.28.108', 7, 1),
	(2176, '10.69.28.109', 7, 1),
	(2177, '10.69.28.110', 7, 1),
	(2178, '10.69.28.111', 7, 1),
	(2179, '10.69.28.112', 7, 1),
	(2180, '10.69.28.113', 7, 1),
	(2181, '10.69.28.114', 7, 1),
	(2182, '10.69.28.115', 7, 1),
	(2183, '10.69.28.116', 7, 1),
	(2184, '10.69.28.117', 7, 1),
	(2185, '10.69.28.118', 7, 1),
	(2186, '10.69.28.119', 7, 1),
	(2187, '10.69.28.120', 7, 1),
	(2188, '10.69.28.121', 7, 1),
	(2189, '10.69.28.122', 7, 1),
	(2190, '10.69.28.123', 7, 1),
	(2191, '10.69.28.124', 7, 1),
	(2192, '10.69.28.125', 7, 1),
	(2193, '10.69.28.126', 7, 1),
	(2194, '10.69.28.127', 7, 1),
	(2195, '10.69.28.128', 7, 1),
	(2196, '10.69.28.129', 7, 1),
	(2197, '10.69.28.130', 7, 1),
	(2198, '10.69.28.131', 7, 1),
	(2199, '10.69.28.132', 7, 1),
	(2200, '10.69.28.133', 7, 1),
	(2201, '10.69.28.134', 7, 1),
	(2202, '10.69.28.135', 7, 1),
	(2203, '10.69.28.136', 7, 1),
	(2204, '10.69.28.137', 7, 1),
	(2205, '10.69.28.138', 7, 1),
	(2206, '10.69.28.139', 7, 1),
	(2207, '10.69.28.140', 7, 1),
	(2208, '10.69.28.141', 7, 1),
	(2209, '10.69.28.142', 7, 1),
	(2210, '10.69.28.143', 7, 1),
	(2211, '10.69.28.144', 7, 1),
	(2212, '10.69.28.145', 7, 1),
	(2213, '10.69.28.146', 7, 1),
	(2214, '10.69.28.147', 7, 1),
	(2215, '10.69.28.148', 7, 1),
	(2216, '10.69.28.149', 7, 1),
	(2217, '10.69.28.150', 7, 1),
	(2218, '10.69.28.151', 7, 1),
	(2219, '10.69.28.152', 7, 1),
	(2220, '10.69.28.153', 7, 1),
	(2221, '10.69.28.154', 7, 1),
	(2222, '10.69.28.155', 7, 1),
	(2223, '10.69.28.156', 7, 1),
	(2224, '10.69.28.157', 7, 1),
	(2225, '10.69.28.158', 7, 1),
	(2226, '10.69.28.159', 7, 1),
	(2227, '10.69.28.160', 7, 1),
	(2228, '10.69.28.161', 7, 1),
	(2229, '10.69.28.162', 7, 1),
	(2230, '10.69.28.163', 7, 1),
	(2231, '10.69.28.164', 7, 1),
	(2232, '10.69.28.165', 7, 1),
	(2233, '10.69.28.166', 7, 1),
	(2234, '10.69.28.167', 7, 1),
	(2235, '10.69.28.168', 7, 1),
	(2236, '10.69.28.169', 7, 1),
	(2237, '10.69.28.170', 7, 1),
	(2238, '10.69.28.171', 7, 1),
	(2239, '10.69.28.172', 7, 1),
	(2240, '10.69.28.173', 7, 1),
	(2241, '10.69.28.174', 7, 1),
	(2242, '10.69.28.175', 7, 1),
	(2243, '10.69.28.176', 7, 1),
	(2244, '10.69.28.177', 7, 1),
	(2245, '10.69.28.178', 7, 1),
	(2246, '10.69.28.179', 7, 1),
	(2247, '10.69.28.180', 7, 1),
	(2248, '10.69.28.181', 7, 1),
	(2249, '10.69.28.182', 7, 1),
	(2250, '10.69.28.183', 7, 1),
	(2251, '10.69.28.184', 7, 1),
	(2252, '10.69.28.185', 7, 1),
	(2253, '10.69.28.186', 7, 1),
	(2254, '10.69.28.187', 7, 1),
	(2255, '10.69.28.188', 7, 1),
	(2256, '10.69.28.189', 7, 1),
	(2257, '10.69.28.190', 7, 1),
	(2258, '10.69.28.191', 7, 1),
	(2259, '10.69.28.192', 7, 1),
	(2260, '10.69.28.193', 7, 1),
	(2261, '10.69.28.194', 7, 1),
	(2262, '10.69.28.195', 7, 1),
	(2263, '10.69.28.196', 7, 1),
	(2264, '10.69.28.197', 7, 1),
	(2265, '10.69.28.198', 7, 1),
	(2266, '10.69.28.199', 7, 1),
	(2267, '10.69.28.200', 7, 1),
	(2268, '10.69.28.201', 7, 1),
	(2269, '10.69.28.202', 7, 1),
	(2270, '10.69.28.203', 7, 1),
	(2271, '10.69.28.204', 7, 1),
	(2272, '10.69.28.205', 7, 1),
	(2273, '10.69.28.206', 7, 1),
	(2274, '10.69.28.207', 7, 1),
	(2275, '10.69.28.208', 7, 1),
	(2276, '10.69.28.209', 7, 1),
	(2277, '10.69.28.210', 7, 1),
	(2278, '10.69.28.211', 7, 1),
	(2279, '10.69.28.212', 7, 1),
	(2280, '10.69.28.213', 7, 1),
	(2281, '10.69.28.214', 7, 1),
	(2282, '10.69.28.215', 7, 1),
	(2283, '10.69.28.216', 7, 1),
	(2284, '10.69.28.217', 7, 1),
	(2285, '10.69.28.218', 7, 1),
	(2286, '10.69.28.219', 7, 1),
	(2287, '10.69.28.220', 7, 1),
	(2288, '10.69.28.221', 7, 1),
	(2289, '10.69.28.222', 7, 1),
	(2290, '10.69.28.223', 7, 1),
	(2291, '10.69.28.224', 7, 1),
	(2292, '10.69.28.225', 7, 1),
	(2293, '10.69.28.226', 7, 1),
	(2294, '10.69.28.227', 7, 1),
	(2295, '10.69.28.228', 7, 1),
	(2296, '10.69.28.229', 7, 1),
	(2297, '10.69.28.230', 7, 1),
	(2298, '10.69.28.231', 7, 1),
	(2299, '10.69.28.232', 7, 1),
	(2300, '10.69.28.233', 7, 1),
	(2301, '10.69.28.234', 7, 1),
	(2302, '10.69.28.235', 7, 1),
	(2303, '10.69.28.236', 7, 1),
	(2304, '10.69.28.237', 7, 1),
	(2305, '10.69.28.238', 7, 1),
	(2306, '10.69.28.239', 7, 1),
	(2307, '10.69.28.240', 7, 1),
	(2308, '10.69.28.241', 7, 1),
	(2309, '10.69.28.242', 7, 1),
	(2310, '10.69.28.243', 7, 1),
	(2311, '10.69.28.244', 7, 1),
	(2312, '10.69.28.245', 7, 1),
	(2313, '10.69.28.246', 7, 1),
	(2314, '10.69.28.247', 7, 1),
	(2315, '10.69.28.248', 7, 1),
	(2316, '10.69.28.249', 7, 1),
	(2317, '10.69.28.250', 7, 1),
	(2318, '10.69.28.251', 7, 1),
	(2319, '10.69.28.252', 7, 1),
	(2320, '10.69.28.253', 7, 1),
	(2321, '10.69.28.254', 7, 1),
	(2322, '10.69.28.255', 7, 1),
	(2323, '10.69.103.1', 8, 1),
	(2324, '10.69.103.2', 8, 1),
	(2325, '10.69.103.3', 8, 1),
	(2326, '10.69.103.4', 8, 1),
	(2327, '10.69.103.5', 8, 1),
	(2328, '10.69.103.6', 8, 1),
	(2329, '10.69.103.7', 8, 1),
	(2330, '10.69.103.8', 8, 1),
	(2331, '10.69.103.9', 8, 1),
	(2332, '10.69.103.10', 8, 1),
	(2333, '10.69.103.11', 8, 1),
	(2334, '10.69.103.12', 8, 1),
	(2335, '10.69.103.13', 8, 1),
	(2336, '10.69.103.14', 8, 1),
	(2337, '10.69.103.15', 8, 1),
	(2338, '10.69.103.16', 8, 1),
	(2339, '10.69.103.17', 8, 1),
	(2340, '10.69.103.18', 8, 1),
	(2341, '10.69.103.19', 8, 1),
	(2342, '10.69.103.20', 8, 1),
	(2343, '10.69.103.21', 8, 1),
	(2344, '10.69.103.22', 8, 1),
	(2345, '10.69.103.23', 8, 1),
	(2346, '10.69.103.24', 8, 1),
	(2347, '10.69.103.25', 8, 1),
	(2348, '10.69.103.26', 8, 1),
	(2349, '10.69.103.27', 8, 1),
	(2350, '10.69.103.28', 8, 1),
	(2351, '10.69.103.29', 8, 1),
	(2352, '10.69.103.30', 8, 1),
	(2353, '10.69.103.31', 8, 1),
	(2354, '10.69.103.32', 8, 1),
	(2355, '10.69.103.33', 8, 1),
	(2356, '10.69.103.34', 8, 1),
	(2357, '10.69.103.35', 8, 1),
	(2358, '10.69.103.36', 8, 1),
	(2359, '10.69.103.37', 8, 1),
	(2360, '10.69.103.38', 8, 1),
	(2361, '10.69.103.39', 8, 1),
	(2362, '10.69.103.40', 8, 1),
	(2363, '10.69.103.41', 8, 1),
	(2364, '10.69.103.42', 8, 1),
	(2365, '10.69.103.43', 8, 1),
	(2366, '10.69.103.44', 8, 1),
	(2367, '10.69.103.45', 8, 1),
	(2368, '10.69.103.46', 8, 1),
	(2369, '10.69.103.47', 8, 1),
	(2370, '10.69.103.48', 8, 1),
	(2371, '10.69.103.49', 8, 1),
	(2372, '10.69.103.50', 8, 1),
	(2373, '10.69.103.51', 8, 1),
	(2374, '10.69.103.52', 8, 1),
	(2375, '10.69.103.53', 8, 1),
	(2376, '10.69.103.54', 8, 1),
	(2377, '10.69.103.55', 8, 1),
	(2378, '10.69.103.56', 8, 1),
	(2379, '10.69.103.57', 8, 1),
	(2380, '10.69.103.58', 8, 1),
	(2381, '10.69.103.59', 8, 1),
	(2382, '10.69.103.60', 8, 1),
	(2383, '10.69.103.61', 8, 1),
	(2384, '10.69.103.62', 8, 1),
	(2385, '10.69.103.63', 8, 1),
	(2386, '10.69.103.64', 8, 1),
	(2387, '10.69.103.65', 8, 1),
	(2388, '10.69.103.66', 8, 1),
	(2389, '10.69.103.67', 8, 1),
	(2390, '10.69.103.68', 8, 1),
	(2391, '10.69.103.69', 8, 1),
	(2392, '10.69.103.70', 8, 1),
	(2393, '10.69.103.71', 8, 1),
	(2394, '10.69.103.72', 8, 1),
	(2395, '10.69.103.73', 8, 1),
	(2396, '10.69.103.74', 8, 1),
	(2397, '10.69.103.75', 8, 1),
	(2398, '10.69.103.76', 8, 1),
	(2399, '10.69.103.77', 8, 1),
	(2400, '10.69.103.78', 8, 1),
	(2401, '10.69.103.79', 8, 1),
	(2402, '10.69.103.80', 8, 1),
	(2403, '10.69.103.81', 8, 1),
	(2404, '10.69.103.82', 8, 1),
	(2405, '10.69.103.83', 8, 1),
	(2406, '10.69.103.84', 8, 1),
	(2407, '10.69.103.85', 8, 1),
	(2408, '10.69.103.86', 8, 1),
	(2409, '10.69.103.87', 8, 1),
	(2410, '10.69.103.88', 8, 1),
	(2411, '10.69.103.89', 8, 1),
	(2412, '10.69.103.90', 8, 1),
	(2413, '10.69.103.91', 8, 1),
	(2414, '10.69.103.92', 8, 1),
	(2415, '10.69.103.93', 8, 1),
	(2416, '10.69.103.94', 8, 1),
	(2417, '10.69.103.95', 8, 1),
	(2418, '10.69.103.96', 8, 1),
	(2419, '10.69.103.97', 8, 1),
	(2420, '10.69.103.98', 8, 1),
	(2421, '10.69.103.99', 8, 1),
	(2422, '10.69.103.100', 8, 1),
	(2423, '10.69.103.101', 8, 1),
	(2424, '10.69.103.102', 8, 1),
	(2425, '10.69.103.103', 8, 1),
	(2426, '10.69.103.104', 8, 1),
	(2427, '10.69.103.105', 8, 1),
	(2428, '10.69.103.106', 8, 1),
	(2429, '10.69.103.107', 8, 1),
	(2430, '10.69.103.108', 8, 1),
	(2431, '10.69.103.109', 8, 1),
	(2432, '10.69.103.110', 8, 1),
	(2433, '10.69.103.111', 8, 1),
	(2434, '10.69.103.112', 8, 1),
	(2435, '10.69.103.113', 8, 1),
	(2436, '10.69.103.114', 8, 1),
	(2437, '10.69.103.115', 8, 1),
	(2438, '10.69.103.116', 8, 1),
	(2439, '10.69.103.117', 8, 1),
	(2440, '10.69.103.118', 8, 1),
	(2441, '10.69.103.119', 8, 1),
	(2442, '10.69.103.120', 8, 1),
	(2443, '10.69.103.121', 8, 1),
	(2444, '10.69.103.122', 8, 1),
	(2445, '10.69.103.123', 8, 1),
	(2446, '10.69.103.124', 8, 1),
	(2447, '10.69.103.125', 8, 1),
	(2448, '10.69.103.126', 8, 1),
	(2449, '10.69.103.127', 8, 1),
	(2450, '10.69.103.128', 8, 1),
	(2451, '10.69.103.129', 8, 1),
	(2452, '10.69.103.130', 8, 1),
	(2453, '10.69.103.131', 8, 1),
	(2454, '10.69.103.132', 8, 1),
	(2455, '10.69.103.133', 8, 1),
	(2456, '10.69.103.134', 8, 1),
	(2457, '10.69.103.135', 8, 1),
	(2458, '10.69.103.136', 8, 1),
	(2459, '10.69.103.137', 8, 1),
	(2460, '10.69.103.138', 8, 1),
	(2461, '10.69.103.139', 8, 1),
	(2462, '10.69.103.140', 8, 1),
	(2463, '10.69.103.141', 8, 1),
	(2464, '10.69.103.142', 8, 1),
	(2465, '10.69.103.143', 8, 1),
	(2466, '10.69.103.144', 8, 1),
	(2467, '10.69.103.145', 8, 1),
	(2468, '10.69.103.146', 8, 1),
	(2469, '10.69.103.147', 8, 1),
	(2470, '10.69.103.148', 8, 1),
	(2471, '10.69.103.149', 8, 1),
	(2472, '10.69.103.150', 8, 1),
	(2473, '10.69.103.151', 8, 1),
	(2474, '10.69.103.152', 8, 1),
	(2475, '10.69.103.153', 8, 1),
	(2476, '10.69.103.154', 8, 1),
	(2477, '10.69.103.155', 8, 1),
	(2478, '10.69.103.156', 8, 1),
	(2479, '10.69.103.157', 8, 1),
	(2480, '10.69.103.158', 8, 1),
	(2481, '10.69.103.159', 8, 1),
	(2482, '10.69.103.160', 8, 1),
	(2483, '10.69.103.161', 8, 1),
	(2484, '10.69.103.162', 8, 1),
	(2485, '10.69.103.163', 8, 1),
	(2486, '10.69.103.164', 8, 1),
	(2487, '10.69.103.165', 8, 1),
	(2488, '10.69.103.166', 8, 1),
	(2489, '10.69.103.167', 8, 1),
	(2490, '10.69.103.168', 8, 1),
	(2491, '10.69.103.169', 8, 1),
	(2492, '10.69.103.170', 8, 1),
	(2493, '10.69.103.171', 8, 1),
	(2494, '10.69.103.172', 8, 1),
	(2495, '10.69.103.173', 8, 1),
	(2496, '10.69.103.174', 8, 1),
	(2497, '10.69.103.175', 8, 1),
	(2498, '10.69.103.176', 8, 1),
	(2499, '10.69.103.177', 8, 1),
	(2500, '10.69.103.178', 8, 1),
	(2501, '10.69.103.179', 8, 1),
	(2502, '10.69.103.180', 8, 1),
	(2503, '10.69.103.181', 8, 1),
	(2504, '10.69.103.182', 8, 1),
	(2505, '10.69.103.183', 8, 1),
	(2506, '10.69.103.184', 8, 1),
	(2507, '10.69.103.185', 8, 1),
	(2508, '10.69.103.186', 8, 1),
	(2509, '10.69.103.187', 8, 1),
	(2510, '10.69.103.188', 8, 1),
	(2511, '10.69.103.189', 8, 1),
	(2512, '10.69.103.190', 8, 1),
	(2513, '10.69.103.191', 8, 1),
	(2514, '10.69.103.192', 8, 1),
	(2515, '10.69.103.193', 8, 1),
	(2516, '10.69.103.194', 8, 1),
	(2517, '10.69.103.195', 8, 1),
	(2518, '10.69.103.196', 8, 1),
	(2519, '10.69.103.197', 8, 1),
	(2520, '10.69.103.198', 8, 1),
	(2521, '10.69.103.199', 8, 1),
	(2522, '10.69.103.200', 8, 1),
	(2523, '10.69.103.201', 8, 1),
	(2524, '10.69.103.202', 8, 1),
	(2525, '10.69.103.203', 8, 1),
	(2526, '10.69.103.204', 8, 1),
	(2527, '10.69.103.205', 8, 1),
	(2528, '10.69.103.206', 8, 1),
	(2529, '10.69.103.207', 8, 1),
	(2530, '10.69.103.208', 8, 1),
	(2531, '10.69.103.209', 8, 1),
	(2532, '10.69.103.210', 8, 1),
	(2533, '10.69.103.211', 8, 1),
	(2534, '10.69.103.212', 8, 1),
	(2535, '10.69.103.213', 8, 1),
	(2536, '10.69.103.214', 8, 1),
	(2537, '10.69.103.215', 8, 1),
	(2538, '10.69.103.216', 8, 1),
	(2539, '10.69.103.217', 8, 1),
	(2540, '10.69.103.218', 8, 1),
	(2541, '10.69.103.219', 8, 1),
	(2542, '10.69.103.220', 8, 1),
	(2543, '10.69.103.221', 8, 1),
	(2544, '10.69.103.222', 8, 1),
	(2545, '10.69.103.223', 8, 1),
	(2546, '10.69.103.224', 8, 1),
	(2547, '10.69.103.225', 8, 1),
	(2548, '10.69.103.226', 8, 1),
	(2549, '10.69.103.227', 8, 1),
	(2550, '10.69.103.228', 8, 1),
	(2551, '10.69.103.229', 8, 1),
	(2552, '10.69.103.230', 8, 1),
	(2553, '10.69.103.231', 8, 1),
	(2554, '10.69.103.232', 8, 1),
	(2555, '10.69.103.233', 8, 1),
	(2556, '10.69.103.234', 8, 1),
	(2557, '10.69.103.235', 8, 1),
	(2558, '10.69.103.236', 8, 1),
	(2559, '10.69.103.237', 8, 1),
	(2560, '10.69.103.238', 8, 1),
	(2561, '10.69.103.239', 8, 1),
	(2562, '10.69.103.240', 8, 1),
	(2563, '10.69.103.241', 8, 1),
	(2564, '10.69.103.242', 8, 1),
	(2565, '10.69.103.243', 8, 1),
	(2566, '10.69.103.244', 8, 1),
	(2567, '10.69.103.245', 8, 1),
	(2568, '10.69.103.246', 8, 1),
	(2569, '10.69.103.247', 8, 1),
	(2570, '10.69.103.248', 8, 1),
	(2571, '10.69.103.249', 8, 1),
	(2572, '10.69.103.250', 8, 1),
	(2573, '10.69.103.251', 8, 1),
	(2574, '10.69.103.252', 8, 1),
	(2575, '10.69.103.253', 8, 1),
	(2576, '10.69.103.254', 8, 1),
	(2577, '10.69.103.255', 8, 1),
	(2578, '10.69.29.1', 9, 1),
	(2579, '10.69.29.2', 9, 1),
	(2580, '10.69.29.3', 9, 1),
	(2581, '10.69.29.4', 9, 1),
	(2582, '10.69.29.5', 9, 1),
	(2583, '10.69.29.6', 9, 1),
	(2584, '10.69.29.7', 9, 1),
	(2585, '10.69.29.8', 9, 1),
	(2586, '10.69.29.9', 9, 1),
	(2587, '10.69.29.10', 9, 1),
	(2588, '10.69.29.11', 9, 1),
	(2589, '10.69.29.12', 9, 1),
	(2590, '10.69.29.13', 9, 1),
	(2591, '10.69.29.14', 9, 1),
	(2592, '10.69.29.15', 9, 1),
	(2593, '10.69.29.16', 9, 1),
	(2594, '10.69.29.17', 9, 1),
	(2595, '10.69.29.18', 9, 1),
	(2596, '10.69.29.19', 9, 1),
	(2597, '10.69.29.20', 9, 1),
	(2598, '10.69.29.21', 9, 1),
	(2599, '10.69.29.22', 9, 1),
	(2600, '10.69.29.23', 9, 1),
	(2601, '10.69.29.24', 9, 1),
	(2602, '10.69.29.25', 9, 1),
	(2603, '10.69.29.26', 9, 1),
	(2604, '10.69.29.27', 9, 1),
	(2605, '10.69.29.28', 9, 1),
	(2606, '10.69.29.29', 9, 1),
	(2607, '10.69.29.30', 9, 1),
	(2608, '10.69.29.31', 9, 1),
	(2609, '10.69.29.32', 9, 1),
	(2610, '10.69.29.33', 9, 1),
	(2611, '10.69.29.34', 9, 1),
	(2612, '10.69.29.35', 9, 1),
	(2613, '10.69.29.36', 9, 1),
	(2614, '10.69.29.37', 9, 1),
	(2615, '10.69.29.38', 9, 1),
	(2616, '10.69.29.39', 9, 1),
	(2617, '10.69.29.40', 9, 1),
	(2618, '10.69.29.41', 9, 1),
	(2619, '10.69.29.42', 9, 1),
	(2620, '10.69.29.43', 9, 1),
	(2621, '10.69.29.44', 9, 1),
	(2622, '10.69.29.45', 9, 1),
	(2623, '10.69.29.46', 9, 1),
	(2624, '10.69.29.47', 9, 1),
	(2625, '10.69.29.48', 9, 1),
	(2626, '10.69.29.49', 9, 1),
	(2627, '10.69.29.50', 9, 1),
	(2628, '10.69.29.51', 9, 1),
	(2629, '10.69.29.52', 9, 1),
	(2630, '10.69.29.53', 9, 1),
	(2631, '10.69.29.54', 9, 1),
	(2632, '10.69.29.55', 9, 1),
	(2633, '10.69.29.56', 9, 1),
	(2634, '10.69.29.57', 9, 1),
	(2635, '10.69.29.58', 9, 1),
	(2636, '10.69.29.59', 9, 1),
	(2637, '10.69.29.60', 9, 1),
	(2638, '10.69.29.61', 9, 1),
	(2639, '10.69.29.62', 9, 1),
	(2640, '10.69.29.63', 9, 1),
	(2641, '10.69.29.64', 9, 1),
	(2642, '10.69.29.65', 9, 1),
	(2643, '10.69.29.66', 9, 1),
	(2644, '10.69.29.67', 9, 1),
	(2645, '10.69.29.68', 9, 1),
	(2646, '10.69.29.69', 9, 1),
	(2647, '10.69.29.70', 9, 1),
	(2648, '10.69.29.71', 9, 1),
	(2649, '10.69.29.72', 9, 1),
	(2650, '10.69.29.73', 9, 1),
	(2651, '10.69.29.74', 9, 1),
	(2652, '10.69.29.75', 9, 1),
	(2653, '10.69.29.76', 9, 1),
	(2654, '10.69.29.77', 9, 1),
	(2655, '10.69.29.78', 9, 1),
	(2656, '10.69.29.79', 9, 1),
	(2657, '10.69.29.80', 9, 1),
	(2658, '10.69.29.81', 9, 1),
	(2659, '10.69.29.82', 9, 1),
	(2660, '10.69.29.83', 9, 1),
	(2661, '10.69.29.84', 9, 1),
	(2662, '10.69.29.85', 9, 1),
	(2663, '10.69.29.86', 9, 1),
	(2664, '10.69.29.87', 9, 1),
	(2665, '10.69.29.88', 9, 1),
	(2666, '10.69.29.89', 9, 1),
	(2667, '10.69.29.90', 9, 1),
	(2668, '10.69.29.91', 9, 1),
	(2669, '10.69.29.92', 9, 1),
	(2670, '10.69.29.93', 9, 1),
	(2671, '10.69.29.94', 9, 1),
	(2672, '10.69.29.95', 9, 1),
	(2673, '10.69.29.96', 9, 1),
	(2674, '10.69.29.97', 9, 1),
	(2675, '10.69.29.98', 9, 1),
	(2676, '10.69.29.99', 9, 1),
	(2677, '10.69.29.100', 9, 1),
	(2678, '10.69.29.101', 9, 1),
	(2679, '10.69.29.102', 9, 1),
	(2680, '10.69.29.103', 9, 1),
	(2681, '10.69.29.104', 9, 1),
	(2682, '10.69.29.105', 9, 1),
	(2683, '10.69.29.106', 9, 1),
	(2684, '10.69.29.107', 9, 1),
	(2685, '10.69.29.108', 9, 1),
	(2686, '10.69.29.109', 9, 1),
	(2687, '10.69.29.110', 9, 1),
	(2688, '10.69.29.111', 9, 1),
	(2689, '10.69.29.112', 9, 1),
	(2690, '10.69.29.113', 9, 1),
	(2691, '10.69.29.114', 9, 1),
	(2692, '10.69.29.115', 9, 1),
	(2693, '10.69.29.116', 9, 1),
	(2694, '10.69.29.117', 9, 1),
	(2695, '10.69.29.118', 9, 1),
	(2696, '10.69.29.119', 9, 1),
	(2697, '10.69.29.120', 9, 1),
	(2698, '10.69.29.121', 9, 1),
	(2699, '10.69.29.122', 9, 1),
	(2700, '10.69.29.123', 9, 1),
	(2701, '10.69.29.124', 9, 1),
	(2702, '10.69.29.125', 9, 1),
	(2703, '10.69.29.126', 9, 1),
	(2704, '10.69.29.127', 9, 1),
	(2705, '10.69.29.128', 9, 1),
	(2706, '10.69.29.129', 9, 1),
	(2707, '10.69.29.130', 9, 1),
	(2708, '10.69.29.131', 9, 1),
	(2709, '10.69.29.132', 9, 1),
	(2710, '10.69.29.133', 9, 1),
	(2711, '10.69.29.134', 9, 1),
	(2712, '10.69.29.135', 9, 1),
	(2713, '10.69.29.136', 9, 1),
	(2714, '10.69.29.137', 9, 1),
	(2715, '10.69.29.138', 9, 1),
	(2716, '10.69.29.139', 9, 1),
	(2717, '10.69.29.140', 9, 1),
	(2718, '10.69.29.141', 9, 1),
	(2719, '10.69.29.142', 9, 1),
	(2720, '10.69.29.143', 9, 1),
	(2721, '10.69.29.144', 9, 1),
	(2722, '10.69.29.145', 9, 1),
	(2723, '10.69.29.146', 9, 1),
	(2724, '10.69.29.147', 9, 1),
	(2725, '10.69.29.148', 9, 1),
	(2726, '10.69.29.149', 9, 1),
	(2727, '10.69.29.150', 9, 1),
	(2728, '10.69.29.151', 9, 1),
	(2729, '10.69.29.152', 9, 1),
	(2730, '10.69.29.153', 9, 1),
	(2731, '10.69.29.154', 9, 1),
	(2732, '10.69.29.155', 9, 1),
	(2733, '10.69.29.156', 9, 1),
	(2734, '10.69.29.157', 9, 1),
	(2735, '10.69.29.158', 9, 1),
	(2736, '10.69.29.159', 9, 1),
	(2737, '10.69.29.160', 9, 1),
	(2738, '10.69.29.161', 9, 1),
	(2739, '10.69.29.162', 9, 1),
	(2740, '10.69.29.163', 9, 1),
	(2741, '10.69.29.164', 9, 1),
	(2742, '10.69.29.165', 9, 1),
	(2743, '10.69.29.166', 9, 1),
	(2744, '10.69.29.167', 9, 1),
	(2745, '10.69.29.168', 9, 1),
	(2746, '10.69.29.169', 9, 1),
	(2747, '10.69.29.170', 9, 1),
	(2748, '10.69.29.171', 9, 1),
	(2749, '10.69.29.172', 9, 1),
	(2750, '10.69.29.173', 9, 1),
	(2751, '10.69.29.174', 9, 1),
	(2752, '10.69.29.175', 9, 1),
	(2753, '10.69.29.176', 9, 1),
	(2754, '10.69.29.177', 9, 1),
	(2755, '10.69.29.178', 9, 1),
	(2756, '10.69.29.179', 9, 1),
	(2757, '10.69.29.180', 9, 1),
	(2758, '10.69.29.181', 9, 1),
	(2759, '10.69.29.182', 9, 1),
	(2760, '10.69.29.183', 9, 1),
	(2761, '10.69.29.184', 9, 1),
	(2762, '10.69.29.185', 9, 1),
	(2763, '10.69.29.186', 9, 1),
	(2764, '10.69.29.187', 9, 1),
	(2765, '10.69.29.188', 9, 1),
	(2766, '10.69.29.189', 9, 1),
	(2767, '10.69.29.190', 9, 1),
	(2768, '10.69.29.191', 9, 1),
	(2769, '10.69.29.192', 9, 1),
	(2770, '10.69.29.193', 9, 1),
	(2771, '10.69.29.194', 9, 1),
	(2772, '10.69.29.195', 9, 1),
	(2773, '10.69.29.196', 9, 1),
	(2774, '10.69.29.197', 9, 1),
	(2775, '10.69.29.198', 9, 1),
	(2776, '10.69.29.199', 9, 1),
	(2777, '10.69.29.200', 9, 1),
	(2778, '10.69.29.201', 9, 1),
	(2779, '10.69.29.202', 9, 1),
	(2780, '10.69.29.203', 9, 1),
	(2781, '10.69.29.204', 9, 1),
	(2782, '10.69.29.205', 9, 1),
	(2783, '10.69.29.206', 9, 1),
	(2784, '10.69.29.207', 9, 1),
	(2785, '10.69.29.208', 9, 1),
	(2786, '10.69.29.209', 9, 1),
	(2787, '10.69.29.210', 9, 1),
	(2788, '10.69.29.211', 9, 1),
	(2789, '10.69.29.212', 9, 1),
	(2790, '10.69.29.213', 9, 1),
	(2791, '10.69.29.214', 9, 1),
	(2792, '10.69.29.215', 9, 1),
	(2793, '10.69.29.216', 9, 1),
	(2794, '10.69.29.217', 9, 1),
	(2795, '10.69.29.218', 9, 1),
	(2796, '10.69.29.219', 9, 1),
	(2797, '10.69.29.220', 9, 1),
	(2798, '10.69.29.221', 9, 1),
	(2799, '10.69.29.222', 9, 1),
	(2800, '10.69.29.223', 9, 1),
	(2801, '10.69.29.224', 9, 1),
	(2802, '10.69.29.225', 9, 1),
	(2803, '10.69.29.226', 9, 1),
	(2804, '10.69.29.227', 9, 1),
	(2805, '10.69.29.228', 9, 1),
	(2806, '10.69.29.229', 9, 1),
	(2807, '10.69.29.230', 9, 1),
	(2808, '10.69.29.231', 9, 1),
	(2809, '10.69.29.232', 9, 1),
	(2810, '10.69.29.233', 9, 1),
	(2811, '10.69.29.234', 9, 1),
	(2812, '10.69.29.235', 9, 1),
	(2813, '10.69.29.236', 9, 1),
	(2814, '10.69.29.237', 9, 1),
	(2815, '10.69.29.238', 9, 1),
	(2816, '10.69.29.239', 9, 1),
	(2817, '10.69.29.240', 9, 1),
	(2818, '10.69.29.241', 9, 1),
	(2819, '10.69.29.242', 9, 1),
	(2820, '10.69.29.243', 9, 1),
	(2821, '10.69.29.244', 9, 1),
	(2822, '10.69.29.245', 9, 1),
	(2823, '10.69.29.246', 9, 1),
	(2824, '10.69.29.247', 9, 1),
	(2825, '10.69.29.248', 9, 1),
	(2826, '10.69.29.249', 9, 1),
	(2827, '10.69.29.250', 9, 1),
	(2828, '10.69.29.251', 9, 1),
	(2829, '10.69.29.252', 9, 1),
	(2830, '10.69.29.253', 9, 1),
	(2831, '10.69.29.254', 9, 1),
	(2832, '10.69.29.255', 9, 1),
	(2833, '10.69.30.1', 10, 1),
	(2834, '10.69.30.2', 10, 1),
	(2835, '10.69.30.3', 10, 1),
	(2836, '10.69.30.4', 10, 1),
	(2837, '10.69.30.5', 10, 1),
	(2838, '10.69.30.6', 10, 1),
	(2839, '10.69.30.7', 10, 1),
	(2840, '10.69.30.8', 10, 1),
	(2841, '10.69.30.9', 10, 1),
	(2842, '10.69.30.10', 10, 1),
	(2843, '10.69.30.11', 10, 1),
	(2844, '10.69.30.12', 10, 1),
	(2845, '10.69.30.13', 10, 1),
	(2846, '10.69.30.14', 10, 1),
	(2847, '10.69.30.15', 10, 1),
	(2848, '10.69.30.16', 10, 1),
	(2849, '10.69.30.17', 10, 1),
	(2850, '10.69.30.18', 10, 1),
	(2851, '10.69.30.19', 10, 1),
	(2852, '10.69.30.20', 10, 1),
	(2853, '10.69.30.21', 10, 1),
	(2854, '10.69.30.22', 10, 1),
	(2855, '10.69.30.23', 10, 1),
	(2856, '10.69.30.24', 10, 1),
	(2857, '10.69.30.25', 10, 1),
	(2858, '10.69.30.26', 10, 1),
	(2859, '10.69.30.27', 10, 1),
	(2860, '10.69.30.28', 10, 1),
	(2861, '10.69.30.29', 10, 1),
	(2862, '10.69.30.30', 10, 1),
	(2863, '10.69.30.31', 10, 1),
	(2864, '10.69.30.32', 10, 1),
	(2865, '10.69.30.33', 10, 1),
	(2866, '10.69.30.34', 10, 1),
	(2867, '10.69.30.35', 10, 1),
	(2868, '10.69.30.36', 10, 1),
	(2869, '10.69.30.37', 10, 1),
	(2870, '10.69.30.38', 10, 1),
	(2871, '10.69.30.39', 10, 1),
	(2872, '10.69.30.40', 10, 1),
	(2873, '10.69.30.41', 10, 1),
	(2874, '10.69.30.42', 10, 1),
	(2875, '10.69.30.43', 10, 1),
	(2876, '10.69.30.44', 10, 1),
	(2877, '10.69.30.45', 10, 1),
	(2878, '10.69.30.46', 10, 1),
	(2879, '10.69.30.47', 10, 1),
	(2880, '10.69.30.48', 10, 1),
	(2881, '10.69.30.49', 10, 1),
	(2882, '10.69.30.50', 10, 1),
	(2883, '10.69.30.51', 10, 1),
	(2884, '10.69.30.52', 10, 1),
	(2885, '10.69.30.53', 10, 1),
	(2886, '10.69.30.54', 10, 1),
	(2887, '10.69.30.55', 10, 1),
	(2888, '10.69.30.56', 10, 1),
	(2889, '10.69.30.57', 10, 1),
	(2890, '10.69.30.58', 10, 1),
	(2891, '10.69.30.59', 10, 1),
	(2892, '10.69.30.60', 10, 1),
	(2893, '10.69.30.61', 10, 1),
	(2894, '10.69.30.62', 10, 1),
	(2895, '10.69.30.63', 10, 1),
	(2896, '10.69.30.64', 10, 1),
	(2897, '10.69.30.65', 10, 1),
	(2898, '10.69.30.66', 10, 1),
	(2899, '10.69.30.67', 10, 1),
	(2900, '10.69.30.68', 10, 1),
	(2901, '10.69.30.69', 10, 1),
	(2902, '10.69.30.70', 10, 1),
	(2903, '10.69.30.71', 10, 1),
	(2904, '10.69.30.72', 10, 1),
	(2905, '10.69.30.73', 10, 1),
	(2906, '10.69.30.74', 10, 1),
	(2907, '10.69.30.75', 10, 1),
	(2908, '10.69.30.76', 10, 1),
	(2909, '10.69.30.77', 10, 1),
	(2910, '10.69.30.78', 10, 1),
	(2911, '10.69.30.79', 10, 1),
	(2912, '10.69.30.80', 10, 1),
	(2913, '10.69.30.81', 10, 1),
	(2914, '10.69.30.82', 10, 1),
	(2915, '10.69.30.83', 10, 1),
	(2916, '10.69.30.84', 10, 1),
	(2917, '10.69.30.85', 10, 1),
	(2918, '10.69.30.86', 10, 1),
	(2919, '10.69.30.87', 10, 1),
	(2920, '10.69.30.88', 10, 1),
	(2921, '10.69.30.89', 10, 1),
	(2922, '10.69.30.90', 10, 1),
	(2923, '10.69.30.91', 10, 1),
	(2924, '10.69.30.92', 10, 1),
	(2925, '10.69.30.93', 10, 1),
	(2926, '10.69.30.94', 10, 1),
	(2927, '10.69.30.95', 10, 1),
	(2928, '10.69.30.96', 10, 1),
	(2929, '10.69.30.97', 10, 1),
	(2930, '10.69.30.98', 10, 1),
	(2931, '10.69.30.99', 10, 1),
	(2932, '10.69.30.100', 10, 1),
	(2933, '10.69.30.101', 10, 1),
	(2934, '10.69.30.102', 10, 1),
	(2935, '10.69.30.103', 10, 1),
	(2936, '10.69.30.104', 10, 1),
	(2937, '10.69.30.105', 10, 1),
	(2938, '10.69.30.106', 10, 1),
	(2939, '10.69.30.107', 10, 1),
	(2940, '10.69.30.108', 10, 1),
	(2941, '10.69.30.109', 10, 1),
	(2942, '10.69.30.110', 10, 1),
	(2943, '10.69.30.111', 10, 1),
	(2944, '10.69.30.112', 10, 1),
	(2945, '10.69.30.113', 10, 1),
	(2946, '10.69.30.114', 10, 1),
	(2947, '10.69.30.115', 10, 1),
	(2948, '10.69.30.116', 10, 1),
	(2949, '10.69.30.117', 10, 1),
	(2950, '10.69.30.118', 10, 1),
	(2951, '10.69.30.119', 10, 1),
	(2952, '10.69.30.120', 10, 1),
	(2953, '10.69.30.121', 10, 1),
	(2954, '10.69.30.122', 10, 1),
	(2955, '10.69.30.123', 10, 1),
	(2956, '10.69.30.124', 10, 1),
	(2957, '10.69.30.125', 10, 1),
	(2958, '10.69.30.126', 10, 1),
	(2959, '10.69.30.127', 10, 1),
	(2960, '10.69.30.128', 10, 1),
	(2961, '10.69.30.129', 10, 1),
	(2962, '10.69.30.130', 10, 1),
	(2963, '10.69.30.131', 10, 1),
	(2964, '10.69.30.132', 10, 1),
	(2965, '10.69.30.133', 10, 1),
	(2966, '10.69.30.134', 10, 1),
	(2967, '10.69.30.135', 10, 1),
	(2968, '10.69.30.136', 10, 1),
	(2969, '10.69.30.137', 10, 1),
	(2970, '10.69.30.138', 10, 1),
	(2971, '10.69.30.139', 10, 1),
	(2972, '10.69.30.140', 10, 1),
	(2973, '10.69.30.141', 10, 1),
	(2974, '10.69.30.142', 10, 1),
	(2975, '10.69.30.143', 10, 1),
	(2976, '10.69.30.144', 10, 1),
	(2977, '10.69.30.145', 10, 1),
	(2978, '10.69.30.146', 10, 1),
	(2979, '10.69.30.147', 10, 1),
	(2980, '10.69.30.148', 10, 1),
	(2981, '10.69.30.149', 10, 1),
	(2982, '10.69.30.150', 10, 1),
	(2983, '10.69.30.151', 10, 1),
	(2984, '10.69.30.152', 10, 1),
	(2985, '10.69.30.153', 10, 1),
	(2986, '10.69.30.154', 10, 1),
	(2987, '10.69.30.155', 10, 1),
	(2988, '10.69.30.156', 10, 1),
	(2989, '10.69.30.157', 10, 1),
	(2990, '10.69.30.158', 10, 1),
	(2991, '10.69.30.159', 10, 1),
	(2992, '10.69.30.160', 10, 1),
	(2993, '10.69.30.161', 10, 1),
	(2994, '10.69.30.162', 10, 1),
	(2995, '10.69.30.163', 10, 1),
	(2996, '10.69.30.164', 10, 1),
	(2997, '10.69.30.165', 10, 1),
	(2998, '10.69.30.166', 10, 1),
	(2999, '10.69.30.167', 10, 1),
	(3000, '10.69.30.168', 10, 1),
	(3001, '10.69.30.169', 10, 1),
	(3002, '10.69.30.170', 10, 1),
	(3003, '10.69.30.171', 10, 1),
	(3004, '10.69.30.172', 10, 1),
	(3005, '10.69.30.173', 10, 1),
	(3006, '10.69.30.174', 10, 1),
	(3007, '10.69.30.175', 10, 1),
	(3008, '10.69.30.176', 10, 1),
	(3009, '10.69.30.177', 10, 1),
	(3010, '10.69.30.178', 10, 1),
	(3011, '10.69.30.179', 10, 1),
	(3012, '10.69.30.180', 10, 1),
	(3013, '10.69.30.181', 10, 1),
	(3014, '10.69.30.182', 10, 1),
	(3015, '10.69.30.183', 10, 1),
	(3016, '10.69.30.184', 10, 1),
	(3017, '10.69.30.185', 10, 1),
	(3018, '10.69.30.186', 10, 1),
	(3019, '10.69.30.187', 10, 1),
	(3020, '10.69.30.188', 10, 1),
	(3021, '10.69.30.189', 10, 1),
	(3022, '10.69.30.190', 10, 1),
	(3023, '10.69.30.191', 10, 1),
	(3024, '10.69.30.192', 10, 1),
	(3025, '10.69.30.193', 10, 1),
	(3026, '10.69.30.194', 10, 1),
	(3027, '10.69.30.195', 10, 1),
	(3028, '10.69.30.196', 10, 1),
	(3029, '10.69.30.197', 10, 1),
	(3030, '10.69.30.198', 10, 1),
	(3031, '10.69.30.199', 10, 1),
	(3032, '10.69.30.200', 10, 1),
	(3033, '10.69.30.201', 10, 1),
	(3034, '10.69.30.202', 10, 1),
	(3035, '10.69.30.203', 10, 1),
	(3036, '10.69.30.204', 10, 1),
	(3037, '10.69.30.205', 10, 1),
	(3038, '10.69.30.206', 10, 1),
	(3039, '10.69.30.207', 10, 1),
	(3040, '10.69.30.208', 10, 1),
	(3041, '10.69.30.209', 10, 1),
	(3042, '10.69.30.210', 10, 1),
	(3043, '10.69.30.211', 10, 1),
	(3044, '10.69.30.212', 10, 1),
	(3045, '10.69.30.213', 10, 1),
	(3046, '10.69.30.214', 10, 1),
	(3047, '10.69.30.215', 10, 1),
	(3048, '10.69.30.216', 10, 1),
	(3049, '10.69.30.217', 10, 1),
	(3050, '10.69.30.218', 10, 1),
	(3051, '10.69.30.219', 10, 1),
	(3052, '10.69.30.220', 10, 1),
	(3053, '10.69.30.221', 10, 1),
	(3054, '10.69.30.222', 10, 1),
	(3055, '10.69.30.223', 10, 1),
	(3056, '10.69.30.224', 10, 1),
	(3057, '10.69.30.225', 10, 1),
	(3058, '10.69.30.226', 10, 1),
	(3059, '10.69.30.227', 10, 1),
	(3060, '10.69.30.228', 10, 1),
	(3061, '10.69.30.229', 10, 1),
	(3062, '10.69.30.230', 10, 1),
	(3063, '10.69.30.231', 10, 1),
	(3064, '10.69.30.232', 10, 1),
	(3065, '10.69.30.233', 10, 1),
	(3066, '10.69.30.234', 10, 1),
	(3067, '10.69.30.235', 10, 1),
	(3068, '10.69.30.236', 10, 1),
	(3069, '10.69.30.237', 10, 1),
	(3070, '10.69.30.238', 10, 1),
	(3071, '10.69.30.239', 10, 1),
	(3072, '10.69.30.240', 10, 1),
	(3073, '10.69.30.241', 10, 1),
	(3074, '10.69.30.242', 10, 1),
	(3075, '10.69.30.243', 10, 1),
	(3076, '10.69.30.244', 10, 1),
	(3077, '10.69.30.245', 10, 1),
	(3078, '10.69.30.246', 10, 1),
	(3079, '10.69.30.247', 10, 1),
	(3080, '10.69.30.248', 10, 1),
	(3081, '10.69.30.249', 10, 1),
	(3082, '10.69.30.250', 10, 1),
	(3083, '10.69.30.251', 10, 1),
	(3084, '10.69.30.252', 10, 1),
	(3085, '10.69.30.253', 10, 1),
	(3086, '10.69.30.254', 10, 1),
	(3087, '10.69.30.255', 10, 1);

-- Volcando estructura para tabla laravel.jobs
CREATE TABLE IF NOT EXISTS `jobs` (
  `id` bigint(20) unsigned NOT NULL AUTO_INCREMENT,
  `queue` varchar(255) NOT NULL,
  `payload` longtext NOT NULL,
  `attempts` tinyint(3) unsigned NOT NULL,
  `reserved_at` int(10) unsigned DEFAULT NULL,
  `available_at` int(10) unsigned NOT NULL,
  `created_at` int(10) unsigned NOT NULL,
  PRIMARY KEY (`id`),
  KEY `jobs_queue_index` (`queue`)
) ENGINE=InnoDB DEFAULT CHARSET=utf8mb4 COLLATE=utf8mb4_unicode_ci;

-- Volcando datos para la tabla laravel.jobs: ~0 rows (aproximadamente)

-- Volcando estructura para tabla laravel.job_batches
CREATE TABLE IF NOT EXISTS `job_batches` (
  `id` varchar(255) NOT NULL,
  `name` varchar(255) NOT NULL,
  `total_jobs` int(11) NOT NULL,
  `pending_jobs` int(11) NOT NULL,
  `failed_jobs` int(11) NOT NULL,
  `failed_job_ids` longtext NOT NULL,
  `options` mediumtext DEFAULT NULL,
  `cancelled_at` int(11) DEFAULT NULL,
  `created_at` int(11) NOT NULL,
  `finished_at` int(11) DEFAULT NULL,
  PRIMARY KEY (`id`)
) ENGINE=InnoDB DEFAULT CHARSET=utf8mb4 COLLATE=utf8mb4_unicode_ci;

-- Volcando datos para la tabla laravel.job_batches: ~0 rows (aproximadamente)

-- Volcando estructura para tabla laravel.localidad
CREATE TABLE IF NOT EXISTS `localidad` (
  `id` int(11) NOT NULL AUTO_INCREMENT,
  `nombre` varchar(100) NOT NULL,
  PRIMARY KEY (`id`)
) ENGINE=InnoDB AUTO_INCREMENT=2 DEFAULT CHARSET=utf8mb4 COLLATE=utf8mb4_general_ci;

-- Volcando datos para la tabla laravel.localidad: ~1 rows (aproximadamente)
INSERT INTO `localidad` (`id`, `nombre`) VALUES
	(1, 'Padre las casas');

-- Volcando estructura para tabla laravel.marca_dispositivo
CREATE TABLE IF NOT EXISTS `marca_dispositivo` (
  `id` int(11) NOT NULL AUTO_INCREMENT,
  `nombre` varchar(100) NOT NULL,
  `tipo_dispositivo_id` int(11) DEFAULT NULL,
  PRIMARY KEY (`id`),
  KEY `tipo_dispositivo_id` (`tipo_dispositivo_id`),
  CONSTRAINT `marca_dispositivo_ibfk_1` FOREIGN KEY (`tipo_dispositivo_id`) REFERENCES `tipo_dispositivo` (`id`)
) ENGINE=InnoDB AUTO_INCREMENT=17 DEFAULT CHARSET=utf8mb4 COLLATE=utf8mb4_general_ci;

-- Volcando datos para la tabla laravel.marca_dispositivo: ~16 rows (aproximadamente)
INSERT INTO `marca_dispositivo` (`id`, `nombre`, `tipo_dispositivo_id`) VALUES
	(1, 'Lenovo', 1),
	(2, 'HP', 1),
	(3, 'Kyocera', 2),
	(4, 'Toshiba', 2),
	(5, 'Zebra', 2),
	(6, 'Cisco', 3),
	(7, 'Alcatel', 3),
	(8, 'Digital Persona', 4),
	(9, 'Samsung', 5),
	(10, 'HP', 5),
	(11, 'LG', 5),
	(12, 'Acer', 5),
	(13, 'Dell', 5),
	(14, 'ViewSonic', 5),
	(15, 'Benq', 5),
	(16, 'Caixun ', 5);

-- Volcando estructura para tabla laravel.migrations
CREATE TABLE IF NOT EXISTS `migrations` (
  `id` int(10) unsigned NOT NULL AUTO_INCREMENT,
  `migration` varchar(255) NOT NULL,
  `batch` int(11) NOT NULL,
  PRIMARY KEY (`id`)
) ENGINE=InnoDB AUTO_INCREMENT=4 DEFAULT CHARSET=utf8mb4 COLLATE=utf8mb4_unicode_ci;

-- Volcando datos para la tabla laravel.migrations: ~3 rows (aproximadamente)
INSERT INTO `migrations` (`id`, `migration`, `batch`) VALUES
	(1, '0001_01_01_000000_create_users_table', 1),
	(2, '0001_01_01_000001_create_cache_table', 1),
	(3, '0001_01_01_000002_create_jobs_table', 1);

-- Volcando estructura para tabla laravel.modelo_dispositivo
CREATE TABLE IF NOT EXISTS `modelo_dispositivo` (
  `id` int(11) NOT NULL AUTO_INCREMENT,
  `nombre` varchar(100) NOT NULL,
  `tipo_dispositivo_id` int(11) NOT NULL,
  `marca_dispositivo_id` int(11) NOT NULL,
  PRIMARY KEY (`id`),
  KEY `tipo_dispositivo_id` (`tipo_dispositivo_id`),
  KEY `marca_dispositivo_id` (`marca_dispositivo_id`),
  CONSTRAINT `modelo_dispositivo_ibfk_1` FOREIGN KEY (`tipo_dispositivo_id`) REFERENCES `tipo_dispositivo` (`id`),
  CONSTRAINT `modelo_dispositivo_ibfk_2` FOREIGN KEY (`marca_dispositivo_id`) REFERENCES `marca_dispositivo` (`id`)
) ENGINE=InnoDB AUTO_INCREMENT=34 DEFAULT CHARSET=utf8mb4 COLLATE=utf8mb4_general_ci;

-- Volcando datos para la tabla laravel.modelo_dispositivo: ~25 rows (aproximadamente)
INSERT INTO `modelo_dispositivo` (`id`, `nombre`, `tipo_dispositivo_id`, `marca_dispositivo_id`) VALUES
	(1, 'm810z', 1, 1),
	(2, 'm820z', 1, 1),
	(6, 'm70a', 1, 1),
	(7, 'Elite Desktop 705 G1', 1, 2),
	(8, 'All-in-One 22-c0xx', 1, 2),
	(9, 'EliteBook 840 G4', 1, 2),
	(10, 'ProBook 440 G5', 1, 2),
	(11, 'M700Z', 1, 1),
	(12, '205 G3 AiO', 1, 2),
	(13, 'aio 22-c0xx', 1, 2),
	(14, 'AIO 24-F0XX', 1, 2),
	(16, 'ECOSYS M3655idn', 2, 3),
	(19, 'ECOSYS MA5500ifx', 2, 3),
	(20, 'ECOSYS P2040dw', 2, 3),
	(21, 'ECOSYS P2135d', 2, 3),
	(22, 'FS-1320d', 2, 3),
	(23, 'DP-3528A', 2, 4),
	(24, 'e-STUDIO330AC\r\n', 2, 4),
	(25, 'GK420T', 2, 5),
	(26, 'ZT411', 2, 5),
	(28, 'e-STUDIO2010AC', 2, 4),
	(30, 'CP-8845', 3, 6),
	(31, 'CP-3905', 3, 6),
	(32, '8801G', 3, 7),
	(33, 'U.are.U 4500', 4, 8);

-- Volcando estructura para tabla laravel.monitor
CREATE TABLE IF NOT EXISTS `monitor` (
  `id` int(11) NOT NULL AUTO_INCREMENT,
  `num_inventario` varchar(100) DEFAULT NULL,
  `marca_id` int(11) DEFAULT NULL,
  `modelo_id` int(11) DEFAULT NULL,
  `serie` varchar(100) NOT NULL,
  `observaciones` text DEFAULT NULL,
  `sala_id` int(11) DEFAULT NULL,
  `funcionario_id` int(11) DEFAULT NULL,
  `estado_id` int(11) DEFAULT NULL,
  `user_crea_id` bigint(20) unsigned DEFAULT NULL,
  `fecha_crea` datetime DEFAULT NULL,
  `user_mod_id` bigint(20) unsigned DEFAULT NULL,
  `fecha_mod` datetime DEFAULT NULL,
  PRIMARY KEY (`id`),
  KEY `sala_id` (`sala_id`),
  KEY `funcionario_id` (`funcionario_id`),
  KEY `estado_id` (`estado_id`),
  KEY `marca_id` (`marca_id`),
  KEY `modelo_id` (`modelo_id`),
  KEY `user_crea_id` (`user_crea_id`),
  KEY `user_mod_id` (`user_mod_id`),
  CONSTRAINT `monitor_ibfk_1` FOREIGN KEY (`sala_id`) REFERENCES `sala` (`id`),
  CONSTRAINT `monitor_ibfk_2` FOREIGN KEY (`funcionario_id`) REFERENCES `funcionario` (`id`),
  CONSTRAINT `monitor_ibfk_3` FOREIGN KEY (`estado_id`) REFERENCES `estado_dispositivo` (`id`),
  CONSTRAINT `monitor_ibfk_4` FOREIGN KEY (`marca_id`) REFERENCES `marca_dispositivo` (`id`),
  CONSTRAINT `monitor_ibfk_5` FOREIGN KEY (`modelo_id`) REFERENCES `modelo_dispositivo` (`id`),
  CONSTRAINT `monitor_ibfk_6` FOREIGN KEY (`user_crea_id`) REFERENCES `users` (`id`),
  CONSTRAINT `monitor_ibfk_7` FOREIGN KEY (`user_mod_id`) REFERENCES `users` (`id`)
) ENGINE=InnoDB AUTO_INCREMENT=6 DEFAULT CHARSET=utf8mb4 COLLATE=utf8mb4_general_ci;

-- Volcando datos para la tabla laravel.monitor: ~1 rows (aproximadamente)
INSERT INTO `monitor` (`id`, `num_inventario`, `marca_id`, `modelo_id`, `serie`, `observaciones`, `sala_id`, `funcionario_id`, `estado_id`, `user_crea_id`, `fecha_crea`, `user_mod_id`, `fecha_mod`) VALUES
	(4, NULL, 9, NULL, 'asdasdasds', 'aaaa', 2, NULL, 2, 1, '2025-05-05 08:44:43', 1, '2025-05-06 08:23:13');

-- Volcando estructura para tabla laravel.orden_compra
CREATE TABLE IF NOT EXISTS `orden_compra` (
  `id` int(11) NOT NULL AUTO_INCREMENT,
  `descripcion` varchar(100) NOT NULL,
  PRIMARY KEY (`id`)
) ENGINE=InnoDB AUTO_INCREMENT=3 DEFAULT CHARSET=utf8mb4 COLLATE=utf8mb4_general_ci;

-- Volcando datos para la tabla laravel.orden_compra: ~2 rows (aproximadamente)
INSERT INTO `orden_compra` (`id`, `descripcion`) VALUES
	(1, 'Orden de compra 1'),
	(2, 'Orden de compra 2');

-- Volcando estructura para tabla laravel.password_reset_tokens
CREATE TABLE IF NOT EXISTS `password_reset_tokens` (
  `email` varchar(255) NOT NULL,
  `token` varchar(255) NOT NULL,
  `created_at` timestamp NULL DEFAULT NULL,
  PRIMARY KEY (`email`)
) ENGINE=InnoDB DEFAULT CHARSET=utf8mb4 COLLATE=utf8mb4_unicode_ci;

-- Volcando datos para la tabla laravel.password_reset_tokens: ~0 rows (aproximadamente)

-- Volcando estructura para tabla laravel.pc
CREATE TABLE IF NOT EXISTS `pc` (
  `id` int(11) NOT NULL AUTO_INCREMENT,
  `serie` varchar(100) NOT NULL,
  `num_inventario` varchar(100) DEFAULT NULL,
  `ip_id` int(11) DEFAULT NULL,
  `sala_id` int(11) DEFAULT NULL,
  `nombre_equipo` varchar(100) DEFAULT NULL,
  `nombre_usuario_ad` varchar(100) DEFAULT NULL,
  `marca_id` int(11) DEFAULT NULL,
  `modelo_id` int(11) DEFAULT NULL,
  `tipo_id` int(11) DEFAULT NULL,
  `cpu_id` int(11) DEFAULT NULL,
  `ram_id` int(11) DEFAULT NULL,
  `disco_id` int(11) DEFAULT NULL,
  `correo` varchar(100) DEFAULT NULL,
  `candado_id` int(11) DEFAULT NULL,
  `corriente_id` int(11) DEFAULT NULL,
  `oc_id` int(11) DEFAULT NULL,
  `observaciones` text DEFAULT NULL,
  `estado_id` int(11) DEFAULT NULL,
  `funcionario_id` int(11) DEFAULT NULL,
  `user_crea_id` bigint(20) unsigned DEFAULT NULL,
  `fecha_crea` datetime DEFAULT NULL,
  `user_mod_id` bigint(20) unsigned DEFAULT NULL,
  `fecha_mod` datetime DEFAULT NULL,
  PRIMARY KEY (`id`),
  KEY `ip_id` (`ip_id`),
  KEY `sala_id` (`sala_id`),
  KEY `marca_id` (`marca_id`),
  KEY `modelo_id` (`modelo_id`),
  KEY `tipo_id` (`tipo_id`),
  KEY `cpu_id` (`cpu_id`),
  KEY `ram_id` (`ram_id`),
  KEY `disco_id` (`disco_id`),
  KEY `oc_id` (`oc_id`),
  KEY `candado_id` (`candado_id`),
  KEY `corriente_id` (`corriente_id`),
  KEY `estado_id` (`estado_id`),
  KEY `funcionario_id` (`funcionario_id`),
  KEY `user_crea_id` (`user_crea_id`),
  KEY `user_mod_id` (`user_mod_id`),
  CONSTRAINT `pc_ibfk_1` FOREIGN KEY (`ip_id`) REFERENCES `ip` (`id`),
  CONSTRAINT `pc_ibfk_10` FOREIGN KEY (`candado_id`) REFERENCES `candado` (`id`),
  CONSTRAINT `pc_ibfk_11` FOREIGN KEY (`corriente_id`) REFERENCES `corriente` (`id`),
  CONSTRAINT `pc_ibfk_12` FOREIGN KEY (`estado_id`) REFERENCES `estado_dispositivo` (`id`),
  CONSTRAINT `pc_ibfk_13` FOREIGN KEY (`funcionario_id`) REFERENCES `funcionario` (`id`),
  CONSTRAINT `pc_ibfk_14` FOREIGN KEY (`user_crea_id`) REFERENCES `users` (`id`),
  CONSTRAINT `pc_ibfk_15` FOREIGN KEY (`user_mod_id`) REFERENCES `users` (`id`),
  CONSTRAINT `pc_ibfk_2` FOREIGN KEY (`sala_id`) REFERENCES `sala` (`id`),
  CONSTRAINT `pc_ibfk_3` FOREIGN KEY (`marca_id`) REFERENCES `marca_dispositivo` (`id`),
  CONSTRAINT `pc_ibfk_4` FOREIGN KEY (`modelo_id`) REFERENCES `modelo_dispositivo` (`id`),
  CONSTRAINT `pc_ibfk_5` FOREIGN KEY (`tipo_id`) REFERENCES `tipo_pc` (`id`),
  CONSTRAINT `pc_ibfk_6` FOREIGN KEY (`cpu_id`) REFERENCES `cpu_pc` (`id`),
  CONSTRAINT `pc_ibfk_7` FOREIGN KEY (`ram_id`) REFERENCES `ram_pc` (`id`),
  CONSTRAINT `pc_ibfk_8` FOREIGN KEY (`disco_id`) REFERENCES `disco_pc` (`id`),
  CONSTRAINT `pc_ibfk_9` FOREIGN KEY (`oc_id`) REFERENCES `orden_compra` (`id`)
) ENGINE=InnoDB AUTO_INCREMENT=7 DEFAULT CHARSET=utf8mb4 COLLATE=utf8mb4_general_ci;

-- Volcando datos para la tabla laravel.pc: ~3 rows (aproximadamente)
INSERT INTO `pc` (`id`, `serie`, `num_inventario`, `ip_id`, `sala_id`, `nombre_equipo`, `nombre_usuario_ad`, `marca_id`, `modelo_id`, `tipo_id`, `cpu_id`, `ram_id`, `disco_id`, `correo`, `candado_id`, `corriente_id`, `oc_id`, `observaciones`, `estado_id`, `funcionario_id`, `user_crea_id`, `fecha_crea`, `user_mod_id`, `fecha_mod`) VALUES
	(4, 'SDFSDFDS', NULL, NULL, NULL, NULL, NULL, 2, 13, NULL, NULL, NULL, NULL, NULL, NULL, NULL, NULL, 'ryryrt', NULL, NULL, 1, '2025-05-02 09:30:07', 1, '2025-05-02 09:35:04'),
	(5, 'ASDASDASDAS', NULL, NULL, NULL, NULL, NULL, NULL, NULL, NULL, NULL, NULL, 15, NULL, NULL, NULL, NULL, NULL, 1, NULL, 1, '2025-05-02 15:17:20', 1, '2025-05-02 15:18:08'),
	(6, 'sdsdsdsdsds', NULL, NULL, NULL, NULL, NULL, NULL, NULL, NULL, NULL, NULL, NULL, NULL, NULL, NULL, NULL, NULL, NULL, NULL, 1, '2025-05-06 08:01:40', NULL, NULL);

-- Volcando estructura para tabla laravel.pc_app
CREATE TABLE IF NOT EXISTS `pc_app` (
  `id` int(11) NOT NULL AUTO_INCREMENT,
  `pc_id` int(11) NOT NULL,
  `app_id` int(11) NOT NULL,
  `tiene_licencia` int(11) NOT NULL DEFAULT 0,
  `licencia` varchar(100) DEFAULT NULL,
  PRIMARY KEY (`id`),
  KEY `pc_id` (`pc_id`),
  KEY `app_id` (`app_id`),
  CONSTRAINT `pc_app_ibfk_1` FOREIGN KEY (`pc_id`) REFERENCES `pc` (`id`),
  CONSTRAINT `pc_app_ibfk_2` FOREIGN KEY (`app_id`) REFERENCES `app` (`id`)
) ENGINE=InnoDB AUTO_INCREMENT=283 DEFAULT CHARSET=utf8mb4 COLLATE=utf8mb4_general_ci;

-- Volcando datos para la tabla laravel.pc_app: ~0 rows (aproximadamente)

-- Volcando estructura para tabla laravel.perfil_ip
CREATE TABLE IF NOT EXISTS `perfil_ip` (
  `id` int(11) NOT NULL AUTO_INCREMENT,
  `nombre` varchar(50) NOT NULL,
  PRIMARY KEY (`id`)
) ENGINE=InnoDB AUTO_INCREMENT=3 DEFAULT CHARSET=utf8mb4 COLLATE=utf8mb4_general_ci;

-- Volcando datos para la tabla laravel.perfil_ip: ~2 rows (aproximadamente)
INSERT INTO `perfil_ip` (`id`, `nombre`) VALUES
	(1, 'usuario'),
	(2, 'periodista');

-- Volcando estructura para tabla laravel.permiso
CREATE TABLE IF NOT EXISTS `permiso` (
  `id` int(11) NOT NULL AUTO_INCREMENT,
  `user_id` bigint(20) unsigned NOT NULL,
  `rol_id` int(11) NOT NULL,
  `sistema_id` int(11) NOT NULL,
  PRIMARY KEY (`id`),
  KEY `rol_id` (`rol_id`),
  KEY `sistema_id` (`sistema_id`),
  KEY `user_id` (`user_id`),
  CONSTRAINT `permiso_ibfk_1` FOREIGN KEY (`rol_id`) REFERENCES `rol` (`id`),
  CONSTRAINT `permiso_ibfk_2` FOREIGN KEY (`sistema_id`) REFERENCES `sistema` (`id`),
  CONSTRAINT `permiso_ibfk_3` FOREIGN KEY (`user_id`) REFERENCES `users` (`id`)
) ENGINE=InnoDB AUTO_INCREMENT=29 DEFAULT CHARSET=utf8mb4 COLLATE=utf8mb4_general_ci;

-- Volcando datos para la tabla laravel.permiso: ~7 rows (aproximadamente)
INSERT INTO `permiso` (`id`, `user_id`, `rol_id`, `sistema_id`) VALUES
	(3, 1, 2, 2),
	(9, 1, 2, 1),
	(16, 1, 2, 4),
	(20, 1, 2, 3),
	(22, 1, 1, 5),
	(27, 6, 3, 1),
	(28, 6, 1, 2);

-- Volcando estructura para tabla laravel.piso
CREATE TABLE IF NOT EXISTS `piso` (
  `id` int(11) NOT NULL AUTO_INCREMENT,
  `nombre` varchar(100) NOT NULL,
  PRIMARY KEY (`id`)
) ENGINE=InnoDB AUTO_INCREMENT=8 DEFAULT CHARSET=utf8mb4 COLLATE=utf8mb4_general_ci;

-- Volcando datos para la tabla laravel.piso: ~7 rows (aproximadamente)
INSERT INTO `piso` (`id`, `nombre`) VALUES
	(1, 'M'),
	(2, 'Z'),
	(3, '1'),
	(4, '2'),
	(5, '3'),
	(6, '4'),
	(7, '5');

-- Volcando estructura para tabla laravel.proveedor
CREATE TABLE IF NOT EXISTS `proveedor` (
  `id` int(11) NOT NULL AUTO_INCREMENT,
  `nombre` varchar(100) NOT NULL,
  `direccion` varchar(100) DEFAULT NULL,
  `telefono` varchar(100) DEFAULT NULL,
  `email` varchar(100) DEFAULT NULL,
  `rut` varchar(50) DEFAULT NULL,
  `dv` varchar(50) DEFAULT NULL,
  PRIMARY KEY (`id`)
) ENGINE=InnoDB AUTO_INCREMENT=4 DEFAULT CHARSET=utf8mb4 COLLATE=utf8mb4_general_ci;

-- Volcando datos para la tabla laravel.proveedor: ~3 rows (aproximadamente)
INSERT INTO `proveedor` (`id`, `nombre`, `direccion`, `telefono`, `email`, `rut`, `dv`) VALUES
	(1, 'CAPLC', NULL, NULL, NULL, NULL, NULL),
	(2, 'Nueva Atlanta', NULL, NULL, NULL, NULL, NULL),
	(3, 'Tisol', NULL, NULL, NULL, NULL, NULL);

-- Volcando estructura para tabla laravel.ram_pc
CREATE TABLE IF NOT EXISTS `ram_pc` (
  `id` int(11) NOT NULL AUTO_INCREMENT,
  `nombre` varchar(100) NOT NULL,
  PRIMARY KEY (`id`)
) ENGINE=InnoDB AUTO_INCREMENT=8 DEFAULT CHARSET=utf8mb4 COLLATE=utf8mb4_general_ci;

-- Volcando datos para la tabla laravel.ram_pc: ~7 rows (aproximadamente)
INSERT INTO `ram_pc` (`id`, `nombre`) VALUES
	(1, '2GB'),
	(2, '4GB'),
	(3, '6GB'),
	(4, '8GB'),
	(5, '12GB'),
	(6, '16GB'),
	(7, '32GB');

-- Volcando estructura para tabla laravel.rol
CREATE TABLE IF NOT EXISTS `rol` (
  `id` int(11) NOT NULL AUTO_INCREMENT,
  `nombre` varchar(100) NOT NULL,
  PRIMARY KEY (`id`)
) ENGINE=InnoDB AUTO_INCREMENT=4 DEFAULT CHARSET=utf8mb4 COLLATE=utf8mb4_general_ci;

-- Volcando datos para la tabla laravel.rol: ~3 rows (aproximadamente)
INSERT INTO `rol` (`id`, `nombre`) VALUES
	(1, 'Auditor'),
	(2, 'Administrador(TIC)'),
	(3, 'Inventario');

-- Volcando estructura para tabla laravel.sala
CREATE TABLE IF NOT EXISTS `sala` (
  `id` int(11) NOT NULL AUTO_INCREMENT,
  `numero_sala` varchar(100) NOT NULL,
  `nombre_sala` varchar(100) NOT NULL,
  `edificio_piso_id` int(11) NOT NULL,
  PRIMARY KEY (`id`),
  KEY `edificio_piso_id` (`edificio_piso_id`),
  CONSTRAINT `sala_ibfk_1` FOREIGN KEY (`edificio_piso_id`) REFERENCES `edificio_piso` (`id`)
) ENGINE=InnoDB AUTO_INCREMENT=37 DEFAULT CHARSET=utf8mb4 COLLATE=utf8mb4_general_ci;

-- Volcando datos para la tabla laravel.sala: ~16 rows (aproximadamente)
INSERT INTO `sala` (`id`, `numero_sala`, `nombre_sala`, `edificio_piso_id`) VALUES
	(2, '03', 'TIC', 28),
	(20, '00', 'Pasillo', 20),
	(21, '00', 'Pasillo', 28),
	(22, '13', 'Registro de Personal', 4),
	(23, '52', 'Inventario', 4),
	(24, '13', 'Facturación y Compras', 28),
	(25, '36', 'Bodega Medicamentos', 28),
	(26, '47', 'Admisión Imagenología', 25),
	(27, '62', 'Oficina Coordinación', 28),
	(28, '47', 'Admisión Toma de Muestra', 9),
	(29, '17', 'Estación de Enfermería', 5),
	(30, '1', 'Recepción de muestras', 3),
	(31, '9', 'Secretaria', 17),
	(32, '39', 'Secretaria', 17),
	(33, '53', 'Finanzas', 4),
	(34, '48', 'Farmacia atención abierta', 10);

-- Volcando estructura para tabla laravel.segmento
CREATE TABLE IF NOT EXISTS `segmento` (
  `id` int(11) NOT NULL AUTO_INCREMENT,
  `nombre` varchar(50) NOT NULL,
  `vlan_dato_id` int(11) DEFAULT NULL,
  `vlan_voz_id` int(11) DEFAULT NULL,
  PRIMARY KEY (`id`),
  KEY `vlan_dato_id` (`vlan_dato_id`),
  KEY `vlan_voz_id` (`vlan_voz_id`),
  CONSTRAINT `segmento_ibfk_1` FOREIGN KEY (`vlan_dato_id`) REFERENCES `vlan` (`id`),
  CONSTRAINT `segmento_ibfk_2` FOREIGN KEY (`vlan_voz_id`) REFERENCES `vlan` (`id`)
) ENGINE=InnoDB AUTO_INCREMENT=11 DEFAULT CHARSET=utf8mb4 COLLATE=utf8mb4_general_ci;

-- Volcando datos para la tabla laravel.segmento: ~10 rows (aproximadamente)
INSERT INTO `segmento` (`id`, `nombre`, `vlan_dato_id`, `vlan_voz_id`) VALUES
	(1, '10.69.25.0', 1, 9),
	(2, '10.69.100.0', 2, 10),
	(3, '10.69.26.0', 3, 11),
	(4, '10.69.27.0', 4, 12),
	(5, '10.69.101.0', 5, 13),
	(6, '10.69.102.0', 6, 14),
	(7, '10.69.28.0', 7, 15),
	(8, '10.69.103.0', 8, 16),
	(9, '10.69.29.0', NULL, NULL),
	(10, '10.69.30.0', NULL, NULL);

-- Volcando estructura para tabla laravel.sessions
CREATE TABLE IF NOT EXISTS `sessions` (
  `id` varchar(255) NOT NULL,
  `user_id` bigint(20) unsigned DEFAULT NULL,
  `ip_address` varchar(45) DEFAULT NULL,
  `user_agent` text DEFAULT NULL,
  `payload` longtext NOT NULL,
  `last_activity` int(11) NOT NULL,
  PRIMARY KEY (`id`),
  KEY `sessions_user_id_index` (`user_id`),
  KEY `sessions_last_activity_index` (`last_activity`)
) ENGINE=InnoDB DEFAULT CHARSET=utf8mb4 COLLATE=utf8mb4_unicode_ci;

-- Volcando datos para la tabla laravel.sessions: ~1 rows (aproximadamente)
INSERT INTO `sessions` (`id`, `user_id`, `ip_address`, `user_agent`, `payload`, `last_activity`) VALUES
	('AAr4At8wLJhqBL76d63RrjoRxkAweHkPgIgkdxJx', 1, '::1', 'Mozilla/5.0 (Windows NT 10.0; Win64; x64) AppleWebKit/537.36 (KHTML, like Gecko) Chrome/135.0.0.0 Safari/537.36', 'YTo1OntzOjY6Il90b2tlbiI7czo0MDoicDczdU9IdHp1Y0NMakkxcVpDTlhtaktzS3NFRkpsVDB6RlZIeUd5QiI7czozOiJ1cmwiO2E6MTp7czo4OiJpbnRlbmRlZCI7czozNzoiaHR0cDovL2xvY2FsaG9zdC9pbnZlbnRhcmlvL21vbml0b3JlcyI7fXM6OToiX3ByZXZpb3VzIjthOjE6e3M6MzoidXJsIjtzOjI2OiJodHRwOi8vbG9jYWxob3N0L2Rhc2hib2FyZCI7fXM6NjoiX2ZsYXNoIjthOjI6e3M6Mzoib2xkIjthOjA6e31zOjM6Im5ldyI7YTowOnt9fXM6NTA6ImxvZ2luX3dlYl81OWJhMzZhZGRjMmIyZjk0MDE1ODBmMDE0YzdmNThlYTRlMzA5ODlkIjtpOjE7fQ==', 1746535215);

-- Volcando estructura para tabla laravel.sistema
CREATE TABLE IF NOT EXISTS `sistema` (
  `id` int(11) NOT NULL AUTO_INCREMENT,
  `nombre` varchar(100) NOT NULL,
  PRIMARY KEY (`id`)
) ENGINE=InnoDB AUTO_INCREMENT=9 DEFAULT CHARSET=utf8mb4 COLLATE=utf8mb4_general_ci;

-- Volcando datos para la tabla laravel.sistema: ~7 rows (aproximadamente)
INSERT INTO `sistema` (`id`, `nombre`) VALUES
	(1, 'MODULO UNIDAD TIC'),
	(2, 'GESTION USUARIOS'),
	(3, 'EQUIPOS MEDICOS'),
	(4, 'CALIDAD'),
	(5, 'INTRANET'),
	(6, 'CONTROL CENTRALIZADO'),
	(7, 'MANTENIMIENTO');

-- Volcando estructura para tabla laravel.so_app
CREATE TABLE IF NOT EXISTS `so_app` (
  `id` int(11) NOT NULL AUTO_INCREMENT,
  `nombre` varchar(100) NOT NULL,
  PRIMARY KEY (`id`)
) ENGINE=InnoDB AUTO_INCREMENT=6 DEFAULT CHARSET=utf8mb4 COLLATE=utf8mb4_general_ci;

-- Volcando datos para la tabla laravel.so_app: ~5 rows (aproximadamente)
INSERT INTO `so_app` (`id`, `nombre`) VALUES
	(1, 'windows'),
	(2, 'MacOS '),
	(3, 'Android'),
	(4, 'Linux'),
	(5, 'iOS');

-- Volcando estructura para tabla laravel.tipo_disco_pc
CREATE TABLE IF NOT EXISTS `tipo_disco_pc` (
  `id` int(11) NOT NULL AUTO_INCREMENT,
  `nombre` varchar(100) NOT NULL,
  PRIMARY KEY (`id`)
) ENGINE=InnoDB AUTO_INCREMENT=4 DEFAULT CHARSET=utf8mb4 COLLATE=utf8mb4_general_ci;

-- Volcando datos para la tabla laravel.tipo_disco_pc: ~3 rows (aproximadamente)
INSERT INTO `tipo_disco_pc` (`id`, `nombre`) VALUES
	(1, 'HDD'),
	(2, 'SSD'),
	(3, 'M2');

-- Volcando estructura para tabla laravel.tipo_dispositivo
CREATE TABLE IF NOT EXISTS `tipo_dispositivo` (
  `id` int(11) NOT NULL AUTO_INCREMENT,
  `nombre` varchar(100) NOT NULL,
  PRIMARY KEY (`id`)
) ENGINE=InnoDB AUTO_INCREMENT=6 DEFAULT CHARSET=utf8mb4 COLLATE=utf8mb4_general_ci;

-- Volcando datos para la tabla laravel.tipo_dispositivo: ~5 rows (aproximadamente)
INSERT INTO `tipo_dispositivo` (`id`, `nombre`) VALUES
	(1, 'pc'),
	(2, 'impresora'),
	(3, 'anexo'),
	(4, 'lector de huella'),
	(5, 'monitor');

-- Volcando estructura para tabla laravel.tipo_impresora
CREATE TABLE IF NOT EXISTS `tipo_impresora` (
  `id` int(11) NOT NULL AUTO_INCREMENT,
  `nombre` varchar(100) NOT NULL,
  PRIMARY KEY (`id`)
) ENGINE=InnoDB AUTO_INCREMENT=4 DEFAULT CHARSET=utf8mb4 COLLATE=utf8mb4_general_ci;

-- Volcando datos para la tabla laravel.tipo_impresora: ~3 rows (aproximadamente)
INSERT INTO `tipo_impresora` (`id`, `nombre`) VALUES
	(1, 'Laser'),
	(2, 'Tinta'),
	(3, 'Termica');

-- Volcando estructura para tabla laravel.tipo_pc
CREATE TABLE IF NOT EXISTS `tipo_pc` (
  `id` int(11) NOT NULL AUTO_INCREMENT,
  `nombre` varchar(100) NOT NULL,
  PRIMARY KEY (`id`)
) ENGINE=InnoDB AUTO_INCREMENT=4 DEFAULT CHARSET=utf8mb4 COLLATE=utf8mb4_general_ci;

-- Volcando datos para la tabla laravel.tipo_pc: ~3 rows (aproximadamente)
INSERT INTO `tipo_pc` (`id`, `nombre`) VALUES
	(1, 'AIO'),
	(2, 'Desktop'),
	(3, 'Notebook');

-- Volcando estructura para tabla laravel.tipo_vlan
CREATE TABLE IF NOT EXISTS `tipo_vlan` (
  `id` int(11) NOT NULL AUTO_INCREMENT,
  `nombre` varchar(50) NOT NULL,
  PRIMARY KEY (`id`)
) ENGINE=InnoDB AUTO_INCREMENT=3 DEFAULT CHARSET=utf8mb4 COLLATE=utf8mb4_general_ci;

-- Volcando datos para la tabla laravel.tipo_vlan: ~2 rows (aproximadamente)
INSERT INTO `tipo_vlan` (`id`, `nombre`) VALUES
	(1, 'dato'),
	(2, 'voz');

-- Volcando estructura para tabla laravel.users
CREATE TABLE IF NOT EXISTS `users` (
  `id` bigint(20) unsigned NOT NULL AUTO_INCREMENT,
  `name` varchar(255) NOT NULL,
  `email` varchar(255) NOT NULL,
  `email_verified_at` timestamp NULL DEFAULT NULL,
  `password` varchar(255) NOT NULL,
  `remember_token` varchar(100) DEFAULT NULL,
  `created_at` timestamp NULL DEFAULT NULL,
  `updated_at` timestamp NULL DEFAULT NULL,
  PRIMARY KEY (`id`),
  UNIQUE KEY `users_email_unique` (`email`)
) ENGINE=InnoDB AUTO_INCREMENT=7 DEFAULT CHARSET=utf8mb4 COLLATE=utf8mb4_unicode_ci;

-- Volcando datos para la tabla laravel.users: ~2 rows (aproximadamente)
INSERT INTO `users` (`id`, `name`, `email`, `email_verified_at`, `password`, `remember_token`, `created_at`, `updated_at`) VALUES
	(1, 'Diego Romero', 'diegoromeropino.7@gmail.com', NULL, '$2y$12$ymQyYj0.0sQvwj7Q3bn/uejVNFv5YvkfjSaAHXv42evuKQ.W8E7xW', 'urY6YapJ4oUVdr6u82FxGGGPXAhbE6ldUDBKP94niObPWZrUBz1jdS6UK8UL', '2024-07-05 18:59:10', '2025-02-05 15:44:33'),
	(6, 'Diego CAPLC', 'diego.romero.caplc@gmail.com', NULL, '$2y$12$Ud8w51RMQlX4L2NVh9r.u.3w1MF3KDDzxaWkU1B0qgXuHjR0ULT82', NULL, '2025-04-11 23:30:34', '2025-04-11 23:30:34');

-- Volcando estructura para tabla laravel.vlan
CREATE TABLE IF NOT EXISTS `vlan` (
  `id` int(11) NOT NULL AUTO_INCREMENT,
  `nombre` varchar(50) NOT NULL,
  `mascara` varchar(50) NOT NULL,
  `tipo_vlan_id` int(11) DEFAULT NULL,
  PRIMARY KEY (`id`),
  KEY `tipo_vlan_id` (`tipo_vlan_id`),
  CONSTRAINT `vlan_ibfk_1` FOREIGN KEY (`tipo_vlan_id`) REFERENCES `tipo_vlan` (`id`)
) ENGINE=InnoDB AUTO_INCREMENT=17 DEFAULT CHARSET=utf8mb4 COLLATE=utf8mb4_general_ci;

-- Volcando datos para la tabla laravel.vlan: ~16 rows (aproximadamente)
INSERT INTO `vlan` (`id`, `nombre`, `mascara`, `tipo_vlan_id`) VALUES
	(1, '100', '255.255.255.0', 1),
	(2, '101', '255.255.255.0', 1),
	(3, '110', '255.255.255.0', 1),
	(4, '111', '255.255.255.0', 1),
	(5, '112', '255.255.255.0', 1),
	(6, '113', '255.255.255.0', 1),
	(7, '120', '255.255.255.0', 1),
	(8, '121', '255.255.255.0', 1),
	(9, '1100', '255.255.255.0', 2),
	(10, '1101', '255.255.255.0', 2),
	(11, '1110', '255.255.255.0', 2),
	(12, '1111', '255.255.255.0', 2),
	(13, '1112', '255.255.255.0', 2),
	(14, '1113', '255.255.255.0', 2),
	(15, '1120', '255.255.255.0', 2),
	(16, '1121', '255.255.255.0', 2);

/*!40103 SET TIME_ZONE=IFNULL(@OLD_TIME_ZONE, 'system') */;
/*!40101 SET SQL_MODE=IFNULL(@OLD_SQL_MODE, '') */;
/*!40014 SET FOREIGN_KEY_CHECKS=IFNULL(@OLD_FOREIGN_KEY_CHECKS, 1) */;
/*!40101 SET CHARACTER_SET_CLIENT=@OLD_CHARACTER_SET_CLIENT */;
/*!40111 SET SQL_NOTES=IFNULL(@OLD_SQL_NOTES, 1) */;
